-- MySQL dump 10.13  Distrib 5.6.26, for Win32 (x86)
--
-- Host: localhost    Database: flymee
-- ------------------------------------------------------
-- Server version	5.6.26

/*!40101 SET @OLD_CHARACTER_SET_CLIENT=@@CHARACTER_SET_CLIENT */;
/*!40101 SET @OLD_CHARACTER_SET_RESULTS=@@CHARACTER_SET_RESULTS */;
/*!40101 SET @OLD_COLLATION_CONNECTION=@@COLLATION_CONNECTION */;
/*!40101 SET NAMES utf8 */;
/*!40103 SET @OLD_TIME_ZONE=@@TIME_ZONE */;
/*!40103 SET TIME_ZONE='+00:00' */;
/*!40014 SET @OLD_UNIQUE_CHECKS=@@UNIQUE_CHECKS, UNIQUE_CHECKS=0 */;
/*!40014 SET @OLD_FOREIGN_KEY_CHECKS=@@FOREIGN_KEY_CHECKS, FOREIGN_KEY_CHECKS=0 */;
/*!40101 SET @OLD_SQL_MODE=@@SQL_MODE, SQL_MODE='NO_AUTO_VALUE_ON_ZERO' */;
/*!40111 SET @OLD_SQL_NOTES=@@SQL_NOTES, SQL_NOTES=0 */;

--
-- Table structure for table `customer`
--

DROP TABLE IF EXISTS `customer`;
/*!40101 SET @saved_cs_client     = @@character_set_client */;
/*!40101 SET character_set_client = utf8 */;
CREATE TABLE `customer` (
  `IDCustomer` int(11) NOT NULL,
  `Nama` char(30) NOT NULL,
  PRIMARY KEY (`IDCustomer`)
) ENGINE=InnoDB DEFAULT CHARSET=latin1;
/*!40101 SET character_set_client = @saved_cs_client */;

--
-- Dumping data for table `customer`
--

LOCK TABLES `customer` WRITE;
/*!40000 ALTER TABLE `customer` DISABLE KEYS */;
INSERT INTO `customer` VALUES (100001,'AGUS SANTOSO'),(100002,'RAHMAT'),(100003,'INDRA IRAWAN'),(100004,'MUFIDATUN'),(100005,'M. ZIKRULLAH'),(100006,'ARRAHMAN SYAFEBRI'),(100007,'AISYAH MAHBUBAH'),(100008,'MARQO'),(100009,'YULAINI'),(100010,'NOOR FADHILAH'),(100011,'AYU WANDIRA'),(100012,'OPIANSYAH'),(100013,'MUHAMMAD LEHAN'),(100014,'YESSI ULANDARI'),(100015,'WISNU SAPUTRA'),(100016,'MARLINA'),(100017,'ZAKARIA SUTOMO'),(100018,'SRI MAYA SARI'),(100019,'ASTRI DWI PUTRI'),(100020,'AYU MINARTI'),(100021,'PUSPITA SARI'),(100022,'AHMAD FAISAL'),(100023,'SHEH MUHAMMAD'),(100024,'ABDUH'),(100025,'FITRANI'),(100026,'ALIA'),(100027,'ETIK SUHARTINI'),(100028,'SURYANI'),(100029,'RIZKI EMILIA SARI'),(100030,'DEWI HANDAYANI'),(100031,'JULIANSYAH EFRIKO'),(100032,'M. FATHUL ISNADI'),(100033,'MUHAMMAD RIDHO'),(100034,'RIKA ARDILA'),(100035,'NURSALIM'),(100036,'RATNAWATI'),(100037,'REZA WIJAYA'),(100038,'MUHAMMAD AKBAR'),(100039,'AYU DWI PUTRI L'),(100040,'SONI PERNASUTION'),(100041,'PAULA MARSHELLY'),(100042,'SUSMITA'),(100043,'DEWI PUSPA'),(100044,'HIDAYAT'),(100045,'IKA WULANDARI'),(100046,'ANA DAHLIA'),(100047,'NITA AGUSTINA'),(100048,'CHOIRIAH'),(100049,'WAHYUDI'),(100050,'M. SEPDIANTO'),(100051,'AHMAD YOGA SUGAMA'),(100052,'ANGGI OKTARIANI'),(100053,'YULI KOMARA'),(100054,'ANITA NATALIA'),(100055,'HENI SAPUTRI'),(100056,'HANY MULYANI'),(100057,'MARWAN ISKANDAR'),(100058,'MALINI'),(100059,'RIKA NOVRIANI'),(100060,'TRI PUSPITA'),(100061,'RINI NOVITHA SARI'),(100062,'EKAPTY TYAS PRADIETHA'),(100063,'EPRIADI'),(100064,'PRANATA AGRIAWAN'),(100065,'NITA JANATI'),(100066,'SARI RUSNAINI'),(100067,'ARI NOPITASARI'),(100068,'PIPIT HARYANI'),(100069,'MAHMUDA'),(100070,'DWI ASTUTI BINTI NGUSMAN'),(100071,'TINA'),(100072,'MUHAMMAD IDRIS'),(100073,'SITI AISYAH'),(100074,'SRI YULIANI'),(100075,'ARIF YULIANTO'),(100076,'AMELIZA'),(100077,'SANTI NOVITA SARI'),(100078,'DEDEK OKTARINA'),(100079,'KHOIR SAMSI'),(100080,'SAWAL EFFENDI'),(100081,'ANGGI ADITAMA'),(100082,'RIDHO ABRIANTO'),(100083,'IRFAN NAFIAH'),(101001,'PT Trakindo Utama'),(101002,'PT Aneka Tambang Tbk'),(101003,'PT Yanmar Diesel Indonesia'),(101004,'PT Agrindo Ltd'),(101005,'PT Rutan Machinery Trading Co.'),(101006,'PT Pioneer Hibrida Indonesia'),(101007,'PT Petrokimia Kayaku'),(101008,'Bank BRI'),(101009,'Orangtua Group'),(101010,'PT Kemfarm Indonesia'),(101011,'Sony Ericsson Mobile'),(101012,'Bank Mandiri'),(101013,'PT. Gramedia Pustaka Utama'),(101014,'PT. Sido Muncul'),(101015,'PT. Dankos Laboratory Tbk'),(101016,'PT. Natra Raya'),(101017,'PT. Nestle Indonesia'),(101018,'PT. Trubus Swadaya'),(101019,'PT. Excelcomindo Pratama'),(101020,'PT. Goodyear Indonesia Tbk.'),(101021,'PT. Unilever Indonesia Tbk.'),(101022,'PT. Frische Vlag Indonesia'),(101023,'PT. Nutrifood Indonesia'),(101024,'PT. Surat Tani'),(101025,'PT. Yanmar Agricultural'),(101026,'PT. Padma Sari Pangan'),(101027,'PT. Parung Farm'),(101028,'PT. Saung Mirwan'),(101029,'Danone Biscuit Indonesia'),(101030,'PT. Golden Agin Nusa'),(101031,'PT. Astra Agro Lestari Tbk'),(101032,'PT. Traktor Nusantara'),(101033,'PT. Probesco Disatama'),(101034,'PT. Progress Jaya Nusantara'),(101035,'PT. Rencang Niaga Utama'),(101036,'PT. Indofood Sukses Makmur'),(101037,'PT. Coca Cola Indonesia'),(101038,'PT. Intiboga Sejahtera'),(101039,'PT. Sinar Sosro'),(101040,'PT. Nissin Biscuit Indonesia'),(101041,'PT Roche Indonesia');
/*!40000 ALTER TABLE `customer` ENABLE KEYS */;
UNLOCK TABLES;

--
-- Table structure for table `customerperorangan`
--

DROP TABLE IF EXISTS `customerperorangan`;
/*!40101 SET @saved_cs_client     = @@character_set_client */;
/*!40101 SET character_set_client = utf8 */;
CREATE TABLE `customerperorangan` (
  `IDCustomer` int(11) NOT NULL,
  `JenisKelamin` char(1) NOT NULL,
  `Email` char(30) DEFAULT NULL,
  PRIMARY KEY (`IDCustomer`),
  CONSTRAINT `customerperorangan_ibfk_1` FOREIGN KEY (`IDCustomer`) REFERENCES `customer` (`IDCustomer`)
) ENGINE=InnoDB DEFAULT CHARSET=latin1;
/*!40101 SET character_set_client = @saved_cs_client */;

--
-- Dumping data for table `customerperorangan`
--

LOCK TABLES `customerperorangan` WRITE;
/*!40000 ALTER TABLE `customerperorangan` DISABLE KEYS */;
INSERT INTO `customerperorangan` VALUES (100001,'L','agusantoso@gmail.com'),(100002,'L','rahmat@live.com'),(100003,'L','irawan.indra@yahoo.com'),(100004,'P','mufidatun@gmail.com'),(100005,'L','mzikrullah@gmail.com'),(100006,'L','ar-rahman@yahoo.com'),(100007,'P','aisyah_mahbubah@gmail.com'),(100008,'L','marqo0909@yahoo.com'),(100009,'P','yulainii@hotmail.com'),(100010,'P','fadhilah_noor@yahoo.co.id'),(100011,'P','wandirayu@gmail.com'),(100012,'L','opiansyah@gmail.com'),(100013,'L','muh_lehan@yahoo.com'),(100014,'P','ulandarissey@gmail.com'),(100015,'L','wisnuputra@gmail.com'),(100016,'P','marlinaaa@yahoo.com'),(100017,'L','zakariatom@yahoo.co.id'),(100018,'P','smayas@yahoo.com'),(100019,'P','astridputri@yahoo.com'),(100020,'P','ayumin@hotmail.com'),(100021,'P','puspitasari@live.com'),(100022,'L','amdfaisal@hotmail.com'),(100023,'L','muh.sheh@gmail.com'),(100024,'L','abduh3003@yahoo.com'),(100025,'P','ftriani@gmail.com'),(100026,'P','alialia@yahoo.com'),(100027,'P','etiksuhart@gmail.com'),(100028,'P','suryani21@hotmail.com'),(100029,'P','rizkies@gmail.com'),(100030,'P','dewihan@gmail.com'),(100031,'L','efriko@hotmail.com'),(100032,'L','fathulnadi@gmail.com'),(100033,'L','mridho@yahoo.com'),(100034,'P','rikardila@gmail.com'),(100035,'P','nur_salim@yahoo.com'),(100036,'P','ratnawatiii@hotmail.com'),(100037,'L','wijayareza@yahoo.com'),(100038,'L','m.akbar@gmail.com'),(100039,'P','ayudpl@yahoo.com'),(100040,'L','soninasution@live.com'),(100041,'P','marshelly@gmail.com'),(100042,'P','mita.susmita@gmail.com'),(100043,'P','puspadewi@gmail.com'),(100044,'L','hidayat0708@yahoo.com'),(100045,'P','wulandarika@gmai.com'),(100046,'P','dahliana@yahoo.com'),(100047,'P','nita_agustina@gmail.com'),(100048,'P','choiri@yahoo.com'),(100049,'L','mr-wahyudi@live.com'),(100050,'L','m_sepdianto@gmail.com'),(100051,'L','ahmadyogas@yahoo.com'),(100052,'P','anggiokt@yahoo.co.id'),(100053,'P','komara_yuli@gmail.com'),(100054,'P','natalia.anita@gmail.com'),(100055,'P','henisaputri@yahoo.com'),(100056,'P','hany.mulyani@yahoo.com'),(100057,'L','marwanisk@yahoo.com'),(100058,'P','malini12@gmail.com'),(100059,'P','nov.rika@gmail.com'),(100060,'P','ita_tripuspita@yahoo.com'),(100061,'P','rinrin@gmail.com'),(100062,'P','ekaptyasprad@gmail.com'),(100063,'L','adi1996@gmail.com'),(100064,'L','pranatagriawan@gmail.com'),(100065,'P','janatina@yahoo.com'),(100066,'P','sari_r@gmail.com'),(100067,'P','pita.sari@hotmail.com'),(100068,'P','pipit.kpop@gmail.com'),(100069,'L','mahmudaaa@hotmail.com'),(100070,'P','dwiii-astuti@gmail.com'),(100071,'P','ttiinnaa@gmail.com'),(100072,'L','m.idris@gmail.com'),(100073,'P','siti-aisyah@gmail.com'),(100074,'P','sriyuliani@gmail.com'),(100075,'L','rifanto58@yahoo.com'),(100076,'P','iza-amel@yahoo.com'),(100077,'P','snovs@live.com'),(100078,'P','doktarina@yahoo.com'),(100079,'L','khoir_baru@live.com'),(100080,'L','saww23@gmail.com'),(100081,'L','anggitama@yahoo.com'),(100082,'L','ridhoabr@gmail.com'),(100083,'L','irfannaf@gmail.com');
/*!40000 ALTER TABLE `customerperorangan` ENABLE KEYS */;
UNLOCK TABLES;

--
-- Table structure for table `customerperusahaan`
--

DROP TABLE IF EXISTS `customerperusahaan`;
/*!40101 SET @saved_cs_client     = @@character_set_client */;
/*!40101 SET character_set_client = utf8 */;
CREATE TABLE `customerperusahaan` (
  `IDCustomer` int(11) NOT NULL,
  `Alamat` char(200) NOT NULL,
  PRIMARY KEY (`IDCustomer`),
  CONSTRAINT `customerperusahaan_ibfk_1` FOREIGN KEY (`IDCustomer`) REFERENCES `customer` (`IDCustomer`)
) ENGINE=InnoDB DEFAULT CHARSET=latin1;
/*!40101 SET character_set_client = @saved_cs_client */;

--
-- Dumping data for table `customerperusahaan`
--

LOCK TABLES `customerperusahaan` WRITE;
/*!40000 ALTER TABLE `customerperusahaan` DISABLE KEYS */;
INSERT INTO `customerperusahaan` VALUES (101001,'Jl. Sukajadi No 8 Bandung'),(101002,'Jl. Sukajadi No 8 Bandung'),(101003,'Jl. MT. Haryono No 10 Bandung'),(101004,'Jl. Jatimulya VIII No 09 Bandung'),(101005,'Jl. Lokakarya II No 11 Bandung'),(101006,'Jl. Morse No. 8 Bandung'),(101007,'Jl. Sukabumi II No 1 Bandung'),(101008,'Jl. Raya Dayeuhkolot 50 Bandung'),(101009,'Jl. Raya Dayeuhkolot 84 Bandung'),(101010,'Jl. Pulo Ayang I/6 Kawasan Industri Pulogadung Jakarta Timur 13260'),(101011,'Jl. Raya Bogor Km. 26,6 Gandaria Jakarta timur'),(101012,'Jl. H. Wahab Affan No. 8 Km. 28 Pondok Ungu Bekasi Barat 17132'),(101013,'Jl. Raya Bekasi Km. 22 Jakarta 13910'),(101014,'Jl. Pulo Ayang Raya Blok O Kav I Pulogadung Jakarta Timur 13930'),(101015,'Jl. Pulogadung No. 32 Kawasan Industri Pulogadung Jakarta Timur 13930'),(101016,'Jl. P. Jayakarta Kav. 129 Blok A No. 2, Jakarta Pusat 10730'),(101017,'Jl. Suniaraja No.111, Bandung 40215, Jawa Barat'),(101018,'Jl. Siaga 2-C No,.21-A, Pejanten Barat, Pasar Minggu Jakarta Selatan'),(101019,'Jl. Jembatan Tiga No. 35 CS-CT, Muara Karang, Jakarta Utara 14450'),(101020,'JL. P. Jayakarta No.115 Block C 1-3, Jakarta Pusat 10730'),(101021,'Jl. Krekot Raya Block B No.1, Jakarta Pusat 10710'),(101022,'Jl. Industri Raya III Block A/E Kav 4-7 Desa Bunder, Cikupa, Tangerang 15710 Banten'),(101023,'Jl. Gotong Royong No. 25, Ciracas Jakarta Timur 13740'),(101024,'Jl. Pasir Putih Raya Kav 1, Pademangan Jakarta Utara 14430?'),(101025,'Jl. Pasir Putih Raya Kav 1, Ancol Timur, Jakarta Utara 14430'),(101026,'Jl. Jembatan Tiga No. 36 CT, Jakarta Utara 14440'),(101027,'Jl. K.H Moch. Mansyur No.128, Jakarta Barat 11210'),(101028,'Jl. Kapuk Kamal (Tegal Alur) Kayu Besar IX Block H & I No.4, Penjaringan, Jakarta Barat'),(101029,'Jl. Pluit Karang Molek Blok F-11 B No. 47-49 Jakarta Utara'),(101030,'Jl. Kukar No. 47 Menteng Dalam Jakarta Selatan'),(101031,'Jl. Raya Jagakarsa No. 1 Lenteng Agung Jakarta Selatan 12620'),(101032,'Jl. Tanah Abang Timur Dalam No. 1 Tanah Abang, Jakarta Pusat 10110'),(101033,'Jl. Kemang Selatan No.109 Jakarta Selatan 12730'),(101034,'Jl. Sindang Sirna No. 4 Bandung 40153?'),(101035,'Jl. P. Jayakarta Block A/47 No. 131 Jakarta Pusat 10730'),(101036,'Jl. Cikini IV No. 15 Jakarta Pusat'),(101037,'Jl. Babakan Jeruk II No. 13, Bandung 40163'),(101038,'Jl. Ancol VIII No. 1, Ancol Barat, Jakarta'),(101039,'Jl. H. Baping No. 59, Susukan Ciracas, Jakarta'),(101040,'Jl. Raya KKO Jakarta Selatan 12560'),(101041,'Jl. Cisanggiri I no.16 Kebayoran Baru JakSel 12170?');
/*!40000 ALTER TABLE `customerperusahaan` ENABLE KEYS */;
UNLOCK TABLES;

--
-- Table structure for table `domestik`
--

DROP TABLE IF EXISTS `domestik`;
/*!40101 SET @saved_cs_client     = @@character_set_client */;
/*!40101 SET character_set_client = utf8 */;
CREATE TABLE `domestik` (
  `KodePenerbangan` char(6) NOT NULL,
  `KotaAsal` char(10) NOT NULL,
  `KotaTujuan` char(10) NOT NULL,
  PRIMARY KEY (`KodePenerbangan`),
  CONSTRAINT `domestik_ibfk_1` FOREIGN KEY (`KodePenerbangan`) REFERENCES `rute` (`KodePenerbangan`)
) ENGINE=InnoDB DEFAULT CHARSET=latin1;
/*!40101 SET character_set_client = @saved_cs_client */;

--
-- Dumping data for table `domestik`
--

LOCK TABLES `domestik` WRITE;
/*!40000 ALTER TABLE `domestik` DISABLE KEYS */;
INSERT INTO `domestik` VALUES ('GA2082','Denpasar','Balikpapan'),('GA2092','Pekanbaru','Bandung'),('GA2157','Batam','Padang'),('LI2171','Balikpapan','Surabaya'),('LI2214','Surabaya','Batam'),('LI2278','Jakarta','Medan');
/*!40000 ALTER TABLE `domestik` ENABLE KEYS */;
UNLOCK TABLES;

--
-- Table structure for table `internasional`
--

DROP TABLE IF EXISTS `internasional`;
/*!40101 SET @saved_cs_client     = @@character_set_client */;
/*!40101 SET character_set_client = utf8 */;
CREATE TABLE `internasional` (
  `KodePenerbangan` char(6) NOT NULL,
  `NegaraAsal` char(10) NOT NULL,
  `NegaraTujuan` char(10) NOT NULL,
  PRIMARY KEY (`KodePenerbangan`),
  CONSTRAINT `internasional_ibfk_1` FOREIGN KEY (`KodePenerbangan`) REFERENCES `rute` (`KodePenerbangan`)
) ENGINE=InnoDB DEFAULT CHARSET=latin1;
/*!40101 SET character_set_client = @saved_cs_client */;

--
-- Dumping data for table `internasional`
--

LOCK TABLES `internasional` WRITE;
/*!40000 ALTER TABLE `internasional` DISABLE KEYS */;
INSERT INTO `internasional` VALUES ('CA3270','Indonesia','Cina'),('CA3678','Cina','Indonesia'),('GA3102','Jepang','Indonesia'),('GA3222','Indonesia','Jepang'),('KR3098','Indonesia','Korea'),('LI3127','Indonesia','Singapura'),('SA3232','Indonesia','Singapura'),('SA3412','Singapura','Indonesia');
/*!40000 ALTER TABLE `internasional` ENABLE KEYS */;
UNLOCK TABLES;

--
-- Table structure for table `kerjasama`
--

DROP TABLE IF EXISTS `kerjasama`;
/*!40101 SET @saved_cs_client     = @@character_set_client */;
/*!40101 SET character_set_client = utf8 */;
CREATE TABLE `kerjasama` (
  `KodePromosi` int(11) NOT NULL,
  `IDPartner` int(11) NOT NULL,
  PRIMARY KEY (`KodePromosi`,`IDPartner`),
  KEY `IDPartner` (`IDPartner`),
  CONSTRAINT `kerjasama_ibfk_2` FOREIGN KEY (`IDPartner`) REFERENCES `partner` (`IDPartner`),
  CONSTRAINT `kerjasama_ibfk_3` FOREIGN KEY (`KodePromosi`) REFERENCES `promosi` (`KodePromosi`)
) ENGINE=InnoDB DEFAULT CHARSET=latin1;
/*!40101 SET character_set_client = @saved_cs_client */;

--
-- Dumping data for table `kerjasama`
--

LOCK TABLES `kerjasama` WRITE;
/*!40000 ALTER TABLE `kerjasama` DISABLE KEYS */;
INSERT INTO `kerjasama` VALUES (1870001,120001),(1870002,120001),(1870003,120001),(1870004,120001),(1870005,120002),(1870006,120002),(1870007,120003),(1870008,120003),(1870009,120003),(1870010,120004),(1870011,120004),(1870012,120004),(1870013,120005),(1870014,120005);
/*!40000 ALTER TABLE `kerjasama` ENABLE KEYS */;
UNLOCK TABLES;

--
-- Table structure for table `maskapai`
--

DROP TABLE IF EXISTS `maskapai`;
/*!40101 SET @saved_cs_client     = @@character_set_client */;
/*!40101 SET character_set_client = utf8 */;
CREATE TABLE `maskapai` (
  `KodeMaskapai` char(2) NOT NULL,
  `NamaMaskapai` char(20) NOT NULL,
  `Alamat` char(100) NOT NULL,
  PRIMARY KEY (`KodeMaskapai`)
) ENGINE=InnoDB DEFAULT CHARSET=latin1;
/*!40101 SET character_set_client = @saved_cs_client */;

--
-- Dumping data for table `maskapai`
--

LOCK TABLES `maskapai` WRITE;
/*!40000 ALTER TABLE `maskapai` DISABLE KEYS */;
INSERT INTO `maskapai` VALUES ('CA','China Airlines','East Building, 35th Fl Unit 03, Jalan Lingkar Mega Kuningan Kav. E 3.2 No. 1, Jakarta'),('GA','Garuda Indonesia','Wisma Dharmala Sakti, Jalan Jend. Sudirman Kav. 32, Jakarta'),('KR','Korean Airways','Mayapada Tower, 9th Fl, Jalan Jend. Sudirman Kav 28, Jakarta'),('LI','Lion Air','Lion Air Tower, Jalan Gajah Mada No. 7, Jakarta'),('SA','Singapore Airline','Menara Kadin, 8th Fl, Jalan H.R. Rasuna Said Kav. 2-3, Jakarta'),('SR','Sriwijaya Air','Kuningan Plaza, No. 305 North Tower, Jalan H.R. Rasuna Said Kav. C 11-14, Jakarta');
/*!40000 ALTER TABLE `maskapai` ENABLE KEYS */;
UNLOCK TABLES;

--
-- Table structure for table `noteleponcustomer`
--

DROP TABLE IF EXISTS `noteleponcustomer`;
/*!40101 SET @saved_cs_client     = @@character_set_client */;
/*!40101 SET character_set_client = utf8 */;
CREATE TABLE `noteleponcustomer` (
  `IDCustomer` int(11) NOT NULL,
  `NoTelepon` char(15) NOT NULL,
  PRIMARY KEY (`IDCustomer`,`NoTelepon`),
  CONSTRAINT `noteleponcustomer_ibfk_1` FOREIGN KEY (`IDCustomer`) REFERENCES `customer` (`IDCustomer`)
) ENGINE=InnoDB DEFAULT CHARSET=latin1;
/*!40101 SET character_set_client = @saved_cs_client */;

--
-- Dumping data for table `noteleponcustomer`
--

LOCK TABLES `noteleponcustomer` WRITE;
/*!40000 ALTER TABLE `noteleponcustomer` DISABLE KEYS */;
INSERT INTO `noteleponcustomer` VALUES (100001,'085246201109'),(100002,'085654012981'),(100002,'087710479380'),(100003,'089812754427'),(100004,'084637284490'),(100004,'085629084981'),(100005,'054237482298'),(100005,'082287641246'),(100006,'081378214533'),(100006,'087800057372'),(100007,'085639480444'),(100008,'081386382287'),(100008,'081532458920'),(100009,'081239482883'),(100009,'081721864642'),(100010,'082612837138'),(100011,'02199306270'),(100011,'08193246936'),(100012,'08128124843'),(100013,'081268234166'),(100013,'081932897503'),(100014,'081365982398'),(100014,'081746832416'),(100015,'08783219847'),(100016,'0254388189'),(100016,'081364163241'),(100017,'0811882743'),(100017,'08783287470'),(100018,'02132084762'),(100019,'081311050409'),(100019,'082263429813'),(100020,'02150125225'),(100021,'08128880829'),(100021,'081574615435'),(100022,'081574665554'),(100022,'081934768923'),(100023,'08170101168'),(100024,'02199103700'),(100024,'081276341863'),(100025,'081389453349'),(100026,'081325158913'),(100026,'0816795252'),(100027,'08128282154'),(100028,'02192664953'),(100028,'08126843269'),(100029,'08158856093'),(100030,'08124631260'),(100030,'08176077070'),(100031,'08128178620'),(100032,'08121305432'),(100033,'02194764685'),(100034,'081311170555'),(100034,'081371983121'),(100035,'02191797631'),(100036,'08128767019'),(100036,'08178491032'),(100037,'02171640609'),(100038,'0818923487'),(100039,'08111830300'),(100040,'081310039580'),(100041,'0811828344'),(100042,'0811929614'),(100042,'081684982136'),(100043,'08161352117'),(100044,'08129056652'),(100045,'02171309984'),(100045,'081268216982'),(100046,'08569813663'),(100047,'02191629646'),(100048,'08561850500'),(100049,'02199149996'),(100049,'081262193463'),(100050,'02194319004'),(100051,'081287213001'),(100051,'08161682565'),(100052,'021-95863731'),(100053,'02199860996'),(100053,'081263893690'),(100054,'08111833192'),(100055,'08157107962'),(100055,'081734621689'),(100056,'081246364239'),(100056,'085944927210'),(100057,'08161111216'),(100058,'081334105191'),(100059,'081322142071'),(100060,'081314242042'),(100060,'082264316903'),(100061,'081553058452'),(100062,'02194840185'),(100063,'081386491236'),(100063,'08161471441'),(100064,'087842638492'),(100065,'085697512669'),(100066,'02193370015'),(100066,'08137826164'),(100067,'082265820101'),(100068,'081532458921'),(100068,'081572916458'),(100069,'083816934276'),(100070,'081261468328'),(100070,'081783215609'),(100071,'087731087598'),(100072,'089821346011'),(100073,'081983501358'),(100074,'083841696149'),(100074,'085738215097'),(100075,'08157385483'),(100075,'08383285903'),(100076,'08118738932'),(100076,'08194621396'),(100077,'081389741811'),(100078,'081936034262'),(100078,'089875238973'),(100079,'081232184079'),(100080,'081235890723'),(100080,'081978294727'),(100081,'081589372972'),(100081,'081762187622'),(100082,'085821975302'),(100083,'081276342186'),(100083,'085932897520'),(101001,'7800156'),(101001,'7822373'),(101001,'7890544'),(101002,'681544'),(101002,'681545'),(101002,'681546'),(101003,'8740251'),(101003,'8741558'),(101003,'8741560'),(101004,'6293708'),(101004,'6496903'),(101005,'6293708'),(101005,'6496904'),(101006,'5278988'),(101007,'7205453'),(101007,'7251244'),(101008,'2510244'),(101008,'2510254'),(101008,'2510269'),(101009,'5322121'),(101010,'75908370'),(101010,'75908805'),(101011,'7519988'),(101012,'5245665'),(101013,'5480888'),(101013,'5483008'),(101013,'5490666'),(101014,'2511946'),(101015,'8234142'),(101016,'8239800'),(101017,'78836000'),(101018,'8729060'),(101018,'87701748'),(101019,'5761881'),(101020,'251322071'),(101020,'334006'),(101021,'5201010'),(101022,'7816485'),(101023,'7815770'),(101024,'7815385'),(101024,'7815585'),(101025,'7805269'),(101026,'7805201'),(101026,'7806881'),(101027,'7801242'),(101027,'7806205'),(101028,'7816184'),(101028,'7827459'),(101029,'7804056'),(101029,'7804086'),(101030,'7806810'),(101031,'7806850'),(101032,'78832048'),(101033,'4301048'),(101034,'0215655301'),(101035,'0215250954'),(101035,'5256458'),(101036,'0216191618'),(101037,'0218400611'),(101037,'8410945'),(101038,'0214605780'),(101039,'0216337610'),(101039,'6337611'),(101040,'0213858066'),(101041,'3456237');
/*!40000 ALTER TABLE `noteleponcustomer` ENABLE KEYS */;
UNLOCK TABLES;

--
-- Table structure for table `noteleponmaskapai`
--

DROP TABLE IF EXISTS `noteleponmaskapai`;
/*!40101 SET @saved_cs_client     = @@character_set_client */;
/*!40101 SET character_set_client = utf8 */;
CREATE TABLE `noteleponmaskapai` (
  `KodeMaskapai` char(2) NOT NULL,
  `NoTelepon` char(15) NOT NULL,
  PRIMARY KEY (`KodeMaskapai`,`NoTelepon`),
  UNIQUE KEY `notelepon` (`NoTelepon`),
  CONSTRAINT `noteleponmaskapai_ibfk_1` FOREIGN KEY (`KodeMaskapai`) REFERENCES `maskapai` (`KodeMaskapai`)
) ENGINE=InnoDB DEFAULT CHARSET=latin1;
/*!40101 SET character_set_client = @saved_cs_client */;

--
-- Dumping data for table `noteleponmaskapai`
--

LOCK TABLES `noteleponmaskapai` WRITE;
/*!40000 ALTER TABLE `noteleponmaskapai` DISABLE KEYS */;
INSERT INTO `noteleponmaskapai` VALUES ('GA','02123519999'),('CA','0212510789'),('KR','0215157657'),('CA','0215268668'),('KR','02154375721'),('GA','0215502655'),('SA','0215507130'),('SR','0215507920'),('SR','0215594419'),('LI','02163798000'),('LI','0216546789'),('GA','02180899099'),('SA','0218883321');
/*!40000 ALTER TABLE `noteleponmaskapai` ENABLE KEYS */;
UNLOCK TABLES;

--
-- Table structure for table `partner`
--

DROP TABLE IF EXISTS `partner`;
/*!40101 SET @saved_cs_client     = @@character_set_client */;
/*!40101 SET character_set_client = utf8 */;
CREATE TABLE `partner` (
  `IDPartner` int(11) NOT NULL,
  `Nama` char(30) NOT NULL,
  `Alamat` char(100) NOT NULL,
  PRIMARY KEY (`IDPartner`)
) ENGINE=InnoDB DEFAULT CHARSET=latin1;
/*!40101 SET character_set_client = @saved_cs_client */;

--
-- Dumping data for table `partner`
--

LOCK TABLES `partner` WRITE;
/*!40000 ALTER TABLE `partner` DISABLE KEYS */;
INSERT INTO `partner` VALUES (120001,'Bank Mandiri','Jl. Jenderal Gatot Subroto Kav. 36-38 Jakarta 12190'),(120002,'Telkomsel','Jl. Pemuda No.66 Rawamangun Jakarta 13220'),(120003,'ITB','Jl. Ganeca no 11 Bandung'),(120004,'BTA','Jl. Prof. Dr. Soepomo No. 72, Tebet, Jakarta Selatan'),(120005,'Chatime','Jl. Sultan Iskandar Muda Kav 8');
/*!40000 ALTER TABLE `partner` ENABLE KEYS */;
UNLOCK TABLES;

--
-- Table structure for table `pegawai`
--

DROP TABLE IF EXISTS `pegawai`;
/*!40101 SET @saved_cs_client     = @@character_set_client */;
/*!40101 SET character_set_client = utf8 */;
CREATE TABLE `pegawai` (
  `IDPegawai` int(11) NOT NULL,
  `Nama` char(30) NOT NULL,
  `MasaKerja` int(11) NOT NULL,
  PRIMARY KEY (`IDPegawai`)
) ENGINE=InnoDB DEFAULT CHARSET=latin1;
/*!40101 SET character_set_client = @saved_cs_client */;

--
-- Dumping data for table `pegawai`
--

LOCK TABLES `pegawai` WRITE;
/*!40000 ALTER TABLE `pegawai` DISABLE KEYS */;
INSERT INTO `pegawai` VALUES (394001,'Kirana Anindya',60),(394002,'M. Bagus Pradito',36),(394003,'Alisa Larasati',30),(394004,'Ilana Binar',26),(394005,'Andhika Ramadhan',12),(394006,'Dea Hanifa',6),(394007,'Pradana Hutomo',2);
/*!40000 ALTER TABLE `pegawai` ENABLE KEYS */;
UNLOCK TABLES;

--
-- Table structure for table `penerbangan`
--

DROP TABLE IF EXISTS `penerbangan`;
/*!40101 SET @saved_cs_client     = @@character_set_client */;
/*!40101 SET character_set_client = utf8 */;
CREATE TABLE `penerbangan` (
  `TanggalPenerbangan` date NOT NULL,
  `KodePenerbangan` char(6) NOT NULL,
  `Status` char(10) DEFAULT NULL,
  PRIMARY KEY (`TanggalPenerbangan`,`KodePenerbangan`),
  KEY `KodePenerbangan` (`KodePenerbangan`),
  CONSTRAINT `penerbangan_ibfk_1` FOREIGN KEY (`KodePenerbangan`) REFERENCES `rute` (`KodePenerbangan`)
) ENGINE=InnoDB DEFAULT CHARSET=latin1;
/*!40101 SET character_set_client = @saved_cs_client */;

--
-- Dumping data for table `penerbangan`
--

LOCK TABLES `penerbangan` WRITE;
/*!40000 ALTER TABLE `penerbangan` DISABLE KEYS */;
INSERT INTO `penerbangan` VALUES ('2015-07-28','LI2171','Batal'),('2015-07-29','SR2279','Berangkat'),('2015-07-30','CA3270','Berangkat'),('2015-07-31','CA3678','Berangkat'),('2015-08-01','GA2082','Berangkat'),('2015-08-02','SA3232','Berangkat'),('2015-08-03','KR3098','Berangkat'),('2015-08-04','SA3412','Berangkat'),('2015-08-05','GA3102','Berangkat'),('2015-08-06','GA3222','Berangkat'),('2015-08-07','LI3127','Berangkat'),('2015-08-17','SR2337','Batal'),('2015-09-02','GA2157','Berangkat'),('2015-09-02','SR2362','Berangkat'),('2015-09-03','LI2214','Berangkat'),('2015-09-04','LI2278','Berangkat'),('2015-09-05','GA2092','Berangkat'),('2015-09-06','LI2171','Berangkat'),('2015-09-07','CA3270','Berangkat'),('2015-09-07','SR2279','Batal'),('2015-09-10','CA3678','Berangkat'),('2015-09-17','GA2082','Berangkat'),('2015-09-21','SA3232','Berangkat'),('2015-09-25','KR3098','Batal'),('2015-09-28','SA3412','Batal'),('2015-10-02','GA3102','Berangkat'),('2015-10-03','GA3222','Berangkat'),('2015-10-04','GA2157','Berangkat'),('2015-10-04','LI3127','Berangkat'),('2015-10-04','SR2337','Berangkat'),('2015-10-08','SR2362','Berangkat'),('2015-10-12','LI2214','Berangkat'),('2015-10-15','LI2278','Berangkat'),('2015-10-16','GA2092','Berangkat'),('2015-10-17','LI2171','Berangkat'),('2015-10-18','SR2279','Berangkat'),('2015-10-22','CA3270','Batal'),('2015-10-26','CA3678','Batal'),('2015-10-30','GA2082','Berangkat'),('2015-11-02','SA3232','Berangkat'),('2015-11-08','KR3098','Berangkat'),('2015-11-08','SA3412','Berangkat'),('2015-11-09','GA3102',NULL),('2015-11-11','GA3222',NULL),('2015-11-25','LI3127',NULL),('2015-12-01','GA2157',NULL),('2015-12-01','SR2337',NULL),('2015-12-01','SR2362',NULL),('2015-12-02','LI2214',NULL),('2015-12-02','LI2278',NULL),('2015-12-31','GA2092',NULL);
/*!40000 ALTER TABLE `penerbangan` ENABLE KEYS */;
UNLOCK TABLES;

--
-- Table structure for table `penumpang`
--

DROP TABLE IF EXISTS `penumpang`;
/*!40101 SET @saved_cs_client     = @@character_set_client */;
/*!40101 SET character_set_client = utf8 */;
CREATE TABLE `penumpang` (
  `NoIdentitas` int(11) NOT NULL,
  `Nama` char(30) NOT NULL,
  `Gelar` char(20) NOT NULL,
  PRIMARY KEY (`NoIdentitas`)
) ENGINE=InnoDB DEFAULT CHARSET=latin1;
/*!40101 SET character_set_client = @saved_cs_client */;

--
-- Dumping data for table `penumpang`
--

LOCK TABLES `penumpang` WRITE;
/*!40000 ALTER TABLE `penumpang` DISABLE KEYS */;
INSERT INTO `penumpang` VALUES (100001,'AGUS SANTOSO','Tn.'),(100002,'YULAINI','Nn.'),(100003,'NOOR FADHILAH','Ny.'),(100004,'EKA YUNITA WULANDARI','Ny.'),(100005,'AHMAD FAISAL','Tn.'),(100006,'SHEH MUHAMMAD','Tn.'),(100007,'ABDUH','Tn.'),(100008,'NURWIDIAWATI','Ny.'),(100009,'EFINA MAYANGSARI','Ny.'),(100010,'SUTRISNO','Tn.'),(100011,'DANI DARMAWAN','Tn.'),(100012,'AZIZAH FAUJI OFIKA','Ny.'),(100013,'NUR LATIFA TUNAFSYIAH','Ny.'),(100014,'JEFFRY ARDIANTO','Tn.'),(100015,'ANDRIYANTO ASHARI','Tn.'),(100016,'NURAINI SETIANINGSIH','Ny.'),(100017,'NOVIKA PUSPA R','Ny.'),(100018,'PURWANTI','Ny.'),(100019,'DEBBY DITA PUTRI','Ny.'),(100020,'DESILLIA TANJUNG KUMALA PUTRI','Ny.'),(100021,'DESY RATNASARI','Ny.'),(100022,'FAAZA SYAUQIE ALFA ANI','Tn.'),(100023,'DIYAH WAHYU PRATIWI','Nn.'),(100024,'SATRIO LAKSONO PERMADI','Tn.'),(100025,'ESTHYANTI SIHING WIDHI','Nn.'),(100026,'ARIS HERMAWAN','Tn.'),(100027,'KHAYATUN NAFIAH','Nn.'),(100028,'SITI NUR INDAH SARI','Nn.'),(100029,'FIKI YATUL JILMA','Nn.'),(100030,'CANDRA PIPIT SUSANTI','Nn.'),(100031,'KHOIRUL DODI UTOMO','Tn.'),(100032,'BENING PUTRI JATININGSIH','Nn.'),(100033,'VIKA HERLINA','Nn.'),(100034,'TITIN NUR HKOLIFAH','Nn.'),(100035,'WINDY LUCKY CANDRA ANGGRAINI','Nn.'),(100036,'ANA FEBRIANTY','Nn.'),(100037,'DEVI ASHARI','Nn.'),(100038,'FERDIAN PUTRA ARENGGA','Tn.'),(100039,'SITI AISYAH','Nn.'),(100040,'SRI YULIANI','Nn.'),(100041,'INDAH RAMADHANI','Nn.'),(100042,'DENNY IKA RAHMAWATI','Nn.'),(100043,'GREAS MAULA FATKHUROZIK','Tn.'),(100044,'LAILATUL FITRIYAH','Ny.'),(100045,'HIDAYATUL CHOIRIYAH','Ny.'),(100046,'WAHYU NITA PRATIWI','Ny.'),(100047,'NAUFAL WIDODO','Tn.'),(100048,'ELSA MARTHANIA SAFITRI','Ny.'),(100049,'EKA MARTIYAS IRFAT','Ny.'),(100050,'ARIESTANTO TUNGGAL MAULANA','Tn.'),(200051,'HARRY POTTER','Tn.'),(200052,'OLIVER JAMES','Tn.'),(200053,'JACK SPARROW','Tn.'),(200054,'ALFIE JOHN','Tn.'),(200055,'CHARLIE KEYNES','Tn.'),(200056,'THOMAS WATSON','Tn.'),(200057,'JACOB BLACK','Tn.'),(200058,'JAMES DEAN','Tn.'),(200059,'JOSHUA WATSON','Tn.'),(200060,'LEE MIN HO','Tn.'),(200061,'CHOI SI WON','Tn.'),(200062,'KIM WOO BIN','Tn.'),(200063,'UCHIHA SASUKE','Tn.'),(200064,'EGUCHI TAPPEI','Tn.'),(200065,'SAMUEL HOLMES','Tn.'),(200066,'NOAH JAMES','Tn.'),(200067,'OSCAR SWIFT','Tn.'),(200068,'JOSEPH MARTIN','Tn.'),(200069,'MOHAMMED','Tn.'),(200070,'MAX WATSON','Tn.'),(200071,'DYLAN HOLMES','Tn.'),(200072,'MUHAMMAD ALIEF','Tn.'),(200073,'ALEXANDER','Tn.'),(200074,'ARCHIE JAMES','Tn.'),(200075,'BENJAMIN FRANKLIN','Tn.'),(200076,'AMELIA WATSON','Ny.'),(200077,'TAYLOR SWIFT','Ny.'),(200078,'LILY HOLMES','Ny.'),(200079,'JESSICA JAMES','Ny.'),(200080,'EMILY HOLMES','Ny.'),(200081,'SOPHIE MARTIN','Ny.'),(200082,'SHIMURA MARI','Ny.'),(200083,'OGAWA YUUKO','Ny.'),(200084,'AVA WATSON','Ny.'),(200085,'ISABELLA SWAN','Ny.'),(200086,'EVIE JAMES','Nn.'),(200087,'PARK SHIN HYE','Nn.'),(200088,'MIA SMITH','Nn.'),(200089,'POPPY WATSON','Nn.'),(200090,'ISLA SMITH','Nn.'),(200091,'ELLA JAMES','Nn.'),(200092,'ISABELLE SWAN','Nn.'),(200093,'SOPHIA MARTIN','Nn.'),(200094,'FREYA SMITH','Nn.'),(200095,'DAISY JAMES','Ny.'),(200096,'CHARLOTTE MARTIN','Ny.'),(200097,'MAISIE SMITH','Ny.'),(200098,'LUCY LYNCH','Ny.'),(200099,'PHOEBE BRYSON','Ny.'),(200100,'SCARLETT WATSON','Ny.');
/*!40000 ALTER TABLE `penumpang` ENABLE KEYS */;
UNLOCK TABLES;

--
-- Table structure for table `promo`
--

DROP TABLE IF EXISTS `promo`;
/*!40101 SET @saved_cs_client     = @@character_set_client */;
/*!40101 SET character_set_client = utf8 */;
CREATE TABLE `promo` (
  `KodePromosi` int(11) NOT NULL,
  `WaktuTransaksi` datetime NOT NULL,
  `IDCustomer` int(11) NOT NULL,
  `NomorTiket` int(11) NOT NULL,
  `IDPegawai` int(11) NOT NULL,
  PRIMARY KEY (`KodePromosi`,`WaktuTransaksi`,`IDCustomer`,`NomorTiket`,`IDPegawai`),
  KEY `WaktuTransaksi` (`WaktuTransaksi`),
  KEY `IDCustomer` (`IDCustomer`),
  KEY `IDPegawai` (`IDPegawai`),
  KEY `NomorTiket` (`NomorTiket`),
  CONSTRAINT `121` FOREIGN KEY (`NomorTiket`) REFERENCES `tiket` (`NomorTiket`),
  CONSTRAINT `promo_ibfk_3` FOREIGN KEY (`IDCustomer`) REFERENCES `customer` (`IDCustomer`),
  CONSTRAINT `promo_ibfk_4` FOREIGN KEY (`IDPegawai`) REFERENCES `pegawai` (`IDPegawai`),
  CONSTRAINT `promo_ibfk_6` FOREIGN KEY (`KodePromosi`) REFERENCES `promosi` (`KodePromosi`),
  CONSTRAINT `promo_ibfk_8` FOREIGN KEY (`WaktuTransaksi`) REFERENCES `transaksi` (`WaktuTransaksi`)
) ENGINE=InnoDB DEFAULT CHARSET=latin1;
/*!40101 SET character_set_client = @saved_cs_client */;

--
-- Dumping data for table `promo`
--

LOCK TABLES `promo` WRITE;
/*!40000 ALTER TABLE `promo` DISABLE KEYS */;
INSERT INTO `promo` VALUES (1870006,'2015-10-10 13:25:18',100063,734,394001),(1870006,'2015-10-11 13:27:18',100063,735,394001),(1870006,'2015-10-12 13:30:18',100063,736,394002),(1870006,'2015-10-13 13:31:18',100063,737,394003),(1870006,'2015-10-14 13:45:18',100067,738,394004),(1870006,'2015-10-15 13:50:20',100068,739,394005),(1870007,'2015-08-13 18:22:21',101027,235,394005),(1870007,'2015-08-14 10:30:40',101027,236,394005),(1870007,'2015-08-15 11:10:40',101027,237,394005),(1870007,'2015-08-15 11:30:40',101027,238,394006),(1870007,'2015-08-16 11:30:40',101027,239,394007),(1870007,'2015-08-16 11:30:46',101028,240,394007);
/*!40000 ALTER TABLE `promo` ENABLE KEYS */;
UNLOCK TABLES;

--
-- Table structure for table `promosi`
--

DROP TABLE IF EXISTS `promosi`;
/*!40101 SET @saved_cs_client     = @@character_set_client */;
/*!40101 SET character_set_client = utf8 */;
CREATE TABLE `promosi` (
  `KodePromosi` int(11) NOT NULL,
  `Deskripsi` char(50) NOT NULL,
  `Nominal` double NOT NULL,
  `TanggalAwal` date NOT NULL,
  `TanggalAkhir` date NOT NULL,
  PRIMARY KEY (`KodePromosi`)
) ENGINE=InnoDB DEFAULT CHARSET=latin1;
/*!40101 SET character_set_client = @saved_cs_client */;

--
-- Dumping data for table `promosi`
--

LOCK TABLES `promosi` WRITE;
/*!40000 ALTER TABLE `promosi` DISABLE KEYS */;
INSERT INTO `promosi` VALUES (1870001,'Promosi Idul Fitri',100,'2014-07-15','2014-07-18'),(1870002,'Promosi Idul Adha',50,'2014-10-01','2014-10-05'),(1870003,'Promosi bagi murid BTA',150,'2014-12-01','2014-12-05'),(1870004,'Promosi Ulang Tahun Telkomsel',75,'2014-05-26','2014-05-30'),(1870005,'Promosi September Ceria bersama Chatime',60,'2014-09-09','2014-09-11'),(1870006,'Promosi Oktober Hemat',120,'2015-10-10','2015-10-17'),(1870007,'Promosi hari kemerdekaan',110,'2015-08-13','2015-08-20'),(1870008,'Promosi bagi nasabah Mandiri',80,'2015-12-01','2015-12-31'),(1870009,'Promosi untuk mahasiswa ITB',50,'2015-07-29','2015-08-03'),(1870010,'Promosi akhir tahun',75,'2015-12-25','2015-12-31'),(1870011,'Promosi bagi dosen ITB',65,'2015-11-20','2015-11-27'),(1870012,'Promosi Hari Penerbangan Sipil Internasional',45,'2015-12-04','2015-12-06'),(1870013,'Promosi Potongan harga 10% untuk pengguna kartu kr',130,'2015-11-13','2015-11-20'),(1870014,'Promosi Hari Pahlawan',70,'2015-11-09','2015-11-10');
/*!40000 ALTER TABLE `promosi` ENABLE KEYS */;
UNLOCK TABLES;

--
-- Table structure for table `rute`
--

DROP TABLE IF EXISTS `rute`;
/*!40101 SET @saved_cs_client     = @@character_set_client */;
/*!40101 SET character_set_client = utf8 */;
CREATE TABLE `rute` (
  `KodePenerbangan` char(6) NOT NULL,
  `KodeMaskapai` char(2) NOT NULL,
  `WaktuKeberangkatan` time NOT NULL,
  `WaktuKedatangan` time NOT NULL,
  `TerminalKeberangkatan` char(2) NOT NULL,
  `BandaraAsal` char(30) NOT NULL,
  `BandaraTujuan` char(30) NOT NULL,
  PRIMARY KEY (`KodePenerbangan`),
  KEY `KodeMaskapai` (`KodeMaskapai`),
  CONSTRAINT `rute_ibfk_1` FOREIGN KEY (`KodeMaskapai`) REFERENCES `maskapai` (`KodeMaskapai`)
) ENGINE=InnoDB DEFAULT CHARSET=latin1;
/*!40101 SET character_set_client = @saved_cs_client */;

--
-- Dumping data for table `rute`
--

LOCK TABLES `rute` WRITE;
/*!40000 ALTER TABLE `rute` DISABLE KEYS */;
INSERT INTO `rute` VALUES ('CA3270','CA','10:00:00','14:15:00','1A','Soekarno-Hatta','Guangzhou Baiyun'),('CA3678','CA','19:15:00','23:30:00','1B','Guangzhou Baiyun','Soekarno-Hatta'),('GA2082','GA','11:45:00','14:00:00','1A','Ngurah Rai','Sepinggan'),('GA2092','GA','17:00:00','18:50:00','1A','Sultan Syarif Kasim II','Husein Sastranegara'),('GA2157','GA','16:00:00','17:25:00','1A','Hang Nadim','Minangkabau'),('GA3102','GA','12:00:00','17:00:00','1A','Tokyo','Soekarno-Hatta'),('GA3222','GA','07:15:00','12:15:00','1A','Soekarno-Hatta','Tokyo'),('KR3098','KR','14:00:00','19:20:00','2A','Soekarno-Hatta','Incheon'),('LI2171','LI','06:00:00','07:50:00','1B','Sepinggan','Juanda'),('LI2214','LI','13:00:00','15:00:00','1B','Juanda','Hang Nadim'),('LI2278','LI','19:05:00','21:00:00','1B','Soekarno-Hatta','Kualanamu'),('LI3127','LI','15:00:00','18:00:00','1B','Soekarno-Hatta','Changi'),('SA3232','SA','16:30:00','18:45:00','2B','Soekarno-Hatta','Changi'),('SA3412','SA','11:00:00','13:15:00','1A','Changi','Soekarno-Hatta'),('SR2279','SR','07:15:00','08:20:00','2A','Kualanamu','Sultan Syarif Kasim II'),('SR2337','SR','16:00:00','17:25:00','2A','Minangkabau','Soekarno-Hatta'),('SR2362','SR','09:30:00','11:00:00','2A','Husein Sastranegara','Ngurah Rai');
/*!40000 ALTER TABLE `rute` ENABLE KEYS */;
UNLOCK TABLES;

--
-- Table structure for table `tiket`
--

DROP TABLE IF EXISTS `tiket`;
/*!40101 SET @saved_cs_client     = @@character_set_client */;
/*!40101 SET character_set_client = utf8 */;
CREATE TABLE `tiket` (
  `NomorTiket` int(11) NOT NULL,
  `Harga` double NOT NULL,
  `NoIdentitas` int(11) NOT NULL,
  `kodepenerbangan` char(6) NOT NULL,
  `TanggalPenerbangan` date NOT NULL,
  PRIMARY KEY (`NomorTiket`),
  KEY `NoIdentitas` (`NoIdentitas`),
  KEY `TanggalPenerbangan` (`TanggalPenerbangan`),
  KEY `kodepenerbangan` (`kodepenerbangan`),
  KEY `Harga` (`Harga`),
  CONSTRAINT `1` FOREIGN KEY (`NoIdentitas`) REFERENCES `penumpang` (`NoIdentitas`),
  CONSTRAINT `2` FOREIGN KEY (`kodepenerbangan`) REFERENCES `rute` (`KodePenerbangan`),
  CONSTRAINT `3` FOREIGN KEY (`TanggalPenerbangan`) REFERENCES `penerbangan` (`TanggalPenerbangan`)
) ENGINE=InnoDB DEFAULT CHARSET=latin1;
/*!40101 SET character_set_client = @saved_cs_client */;

--
-- Dumping data for table `tiket`
--

LOCK TABLES `tiket` WRITE;
/*!40000 ALTER TABLE `tiket` DISABLE KEYS */;
INSERT INTO `tiket` VALUES (1,350000,100001,'LI2171','2015-07-28'),(2,400000,100002,'LI2171','2015-07-28'),(3,450000,100003,'LI2171','2015-07-28'),(4,500000,100004,'LI2171','2015-07-28'),(5,550000,100005,'LI2171','2015-07-28'),(6,600000,100006,'LI2171','2015-07-28'),(7,650000,100007,'LI2171','2015-07-28'),(8,700000,100008,'LI2171','2015-07-28'),(9,750000,100009,'LI2171','2015-07-28'),(10,800000,100010,'LI2171','2015-07-28'),(11,850000,100011,'LI2171','2015-07-28'),(12,900000,100012,'LI2171','2015-07-28'),(13,350000,100013,'LI2171','2015-07-28'),(14,400000,100014,'LI2171','2015-07-28'),(15,450000,100015,'LI2171','2015-07-28'),(16,500000,100016,'LI2171','2015-07-28'),(17,550000,100017,'LI2171','2015-07-28'),(18,600000,100018,'LI2171','2015-07-28'),(19,650000,100019,'LI2171','2015-07-28'),(20,700000,100020,'LI2171','2015-07-28'),(21,750000,100021,'SR2279','2015-07-29'),(22,800000,100022,'SR2279','2015-07-29'),(23,850000,100023,'SR2279','2015-07-29'),(24,900000,100024,'SR2279','2015-07-29'),(25,350000,100025,'SR2279','2015-07-29'),(26,400000,100026,'SR2279','2015-07-29'),(27,450000,100027,'SR2279','2015-07-29'),(28,500000,100028,'SR2279','2015-07-29'),(29,550000,100029,'SR2279','2015-07-29'),(30,600000,100030,'SR2279','2015-07-29'),(31,650000,100031,'SR2279','2015-07-29'),(32,700000,100032,'SR2279','2015-07-29'),(33,750000,100033,'SR2279','2015-07-29'),(34,800000,100034,'SR2279','2015-07-29'),(35,850000,100035,'SR2279','2015-07-29'),(36,900000,100036,'SR2279','2015-07-29'),(37,350000,100037,'SR2279','2015-07-29'),(38,400000,100038,'SR2279','2015-07-29'),(39,450000,100039,'SR2279','2015-07-29'),(40,500000,100040,'SR2279','2015-07-29'),(41,550000,100041,'CA3270','2015-07-30'),(42,600000,100042,'CA3270','2015-07-30'),(43,650000,100043,'CA3270','2015-07-30'),(44,700000,100044,'CA3270','2015-07-30'),(45,750000,100045,'CA3270','2015-07-30'),(46,800000,100046,'CA3270','2015-07-30'),(47,850000,100047,'CA3270','2015-07-30'),(48,900000,100048,'CA3270','2015-07-30'),(49,350000,100049,'CA3270','2015-07-30'),(50,400000,100050,'CA3270','2015-07-30'),(51,450000,200051,'CA3270','2015-07-30'),(52,500000,200052,'CA3270','2015-07-30'),(53,550000,200053,'CA3270','2015-07-30'),(54,600000,200054,'CA3270','2015-07-30'),(55,650000,200055,'CA3270','2015-07-30'),(56,700000,200056,'CA3270','2015-07-30'),(57,750000,200057,'CA3270','2015-07-30'),(58,800000,200058,'CA3270','2015-07-30'),(59,850000,200059,'CA3270','2015-07-30'),(60,900000,200060,'CA3270','2015-07-30'),(61,350000,200061,'CA3678','2015-07-31'),(62,400000,200062,'CA3678','2015-07-31'),(63,450000,200063,'CA3678','2015-07-31'),(64,500000,200064,'CA3678','2015-07-31'),(65,550000,200065,'CA3678','2015-07-31'),(66,600000,200066,'CA3678','2015-07-31'),(67,650000,200067,'CA3678','2015-07-31'),(68,700000,200068,'CA3678','2015-07-31'),(69,750000,200069,'CA3678','2015-07-31'),(70,800000,200070,'CA3678','2015-07-31'),(71,850000,200071,'CA3678','2015-07-31'),(72,900000,200072,'CA3678','2015-07-31'),(73,350000,200073,'CA3678','2015-07-31'),(74,400000,200074,'CA3678','2015-07-31'),(75,450000,200075,'CA3678','2015-07-31'),(76,500000,200076,'CA3678','2015-07-31'),(77,550000,200077,'CA3678','2015-07-31'),(78,600000,200078,'CA3678','2015-07-31'),(79,650000,200079,'CA3678','2015-07-31'),(80,700000,200080,'CA3678','2015-07-31'),(81,750000,200081,'GA2082','2015-08-01'),(82,800000,200082,'GA2082','2015-08-01'),(83,850000,200083,'GA2082','2015-08-01'),(84,900000,200084,'GA2082','2015-08-01'),(85,350000,200085,'GA2082','2015-08-01'),(86,400000,200086,'GA2082','2015-08-01'),(87,450000,200087,'GA2082','2015-08-01'),(88,500000,200088,'GA2082','2015-08-01'),(89,550000,200089,'GA2082','2015-08-01'),(90,600000,200090,'GA2082','2015-08-01'),(91,650000,200091,'GA2082','2015-08-01'),(92,700000,200092,'GA2082','2015-08-01'),(93,750000,200093,'GA2082','2015-08-01'),(94,800000,200094,'GA2082','2015-08-01'),(95,850000,200095,'GA2082','2015-08-01'),(96,900000,200096,'GA2082','2015-08-01'),(97,350000,200097,'GA2082','2015-08-01'),(98,400000,200098,'GA2082','2015-08-01'),(99,450000,200099,'GA2082','2015-08-01'),(100,500000,200100,'GA2082','2015-08-01'),(101,550000,100001,'SA3232','2015-08-02'),(102,600000,100002,'SA3232','2015-08-02'),(103,650000,100003,'SA3232','2015-08-02'),(104,700000,100004,'SA3232','2015-08-02'),(105,750000,100005,'SA3232','2015-08-02'),(106,800000,100006,'SA3232','2015-08-02'),(107,850000,100007,'SA3232','2015-08-02'),(108,900000,100008,'SA3232','2015-08-02'),(109,350000,100009,'SA3232','2015-08-02'),(110,400000,100010,'SA3232','2015-08-02'),(111,450000,100011,'SA3232','2015-08-02'),(112,500000,100012,'SA3232','2015-08-02'),(113,550000,100013,'SA3232','2015-08-02'),(114,600000,100014,'SA3232','2015-08-02'),(115,650000,100015,'SA3232','2015-08-02'),(116,700000,100016,'SA3232','2015-08-02'),(117,750000,100017,'SA3232','2015-08-02'),(118,800000,100018,'SA3232','2015-08-02'),(119,850000,100019,'SA3232','2015-08-02'),(120,900000,100020,'SA3232','2015-08-02'),(121,350000,100021,'KR3098','2015-08-03'),(122,400000,100022,'KR3098','2015-08-03'),(123,450000,100023,'KR3098','2015-08-03'),(124,500000,100024,'KR3098','2015-08-03'),(125,550000,100025,'KR3098','2015-08-03'),(126,600000,100026,'KR3098','2015-08-03'),(127,650000,100027,'KR3098','2015-08-03'),(128,700000,100028,'KR3098','2015-08-03'),(129,750000,100029,'KR3098','2015-08-03'),(130,800000,100030,'KR3098','2015-08-03'),(131,850000,100031,'KR3098','2015-08-03'),(132,900000,100032,'KR3098','2015-08-03'),(133,350000,100033,'KR3098','2015-08-03'),(134,400000,100034,'KR3098','2015-08-03'),(135,450000,100035,'KR3098','2015-08-03'),(136,500000,100036,'KR3098','2015-08-03'),(137,550000,100037,'KR3098','2015-08-03'),(138,600000,100038,'KR3098','2015-08-03'),(139,650000,100039,'KR3098','2015-08-03'),(140,700000,100040,'KR3098','2015-08-03'),(141,750000,100041,'SA3412','2015-08-04'),(142,800000,100042,'SA3412','2015-08-04'),(143,850000,100043,'SA3412','2015-08-04'),(144,900000,100044,'SA3412','2015-08-04'),(145,350000,100045,'SA3412','2015-08-04'),(146,400000,100046,'SA3412','2015-08-04'),(147,450000,100047,'SA3412','2015-08-04'),(148,500000,100048,'SA3412','2015-08-04'),(149,550000,100049,'SA3412','2015-08-04'),(150,600000,100050,'SA3412','2015-08-04'),(151,650000,200051,'SA3412','2015-08-04'),(152,700000,200052,'SA3412','2015-08-04'),(153,750000,200053,'SA3412','2015-08-04'),(154,800000,200054,'SA3412','2015-08-04'),(155,850000,200055,'SA3412','2015-08-04'),(156,900000,200056,'SA3412','2015-08-04'),(157,350000,200057,'SA3412','2015-08-04'),(158,400000,200058,'SA3412','2015-08-04'),(159,450000,200059,'SA3412','2015-08-04'),(160,500000,200060,'SA3412','2015-08-04'),(161,550000,200061,'GA3102','2015-08-05'),(162,600000,200062,'GA3102','2015-08-05'),(163,650000,200063,'GA3102','2015-08-05'),(164,700000,200064,'GA3102','2015-08-05'),(165,750000,200065,'GA3102','2015-08-05'),(166,800000,200066,'GA3102','2015-08-05'),(167,850000,200067,'GA3102','2015-08-05'),(168,900000,200068,'GA3102','2015-08-05'),(169,350000,200069,'GA3102','2015-08-05'),(170,400000,200070,'GA3102','2015-08-05'),(171,450000,200071,'GA3102','2015-08-05'),(172,500000,200072,'GA3102','2015-08-05'),(173,550000,200073,'GA3102','2015-08-05'),(174,600000,200074,'GA3102','2015-08-05'),(175,650000,200075,'GA3102','2015-08-05'),(176,700000,200076,'GA3102','2015-08-05'),(177,750000,200077,'GA3102','2015-08-05'),(178,800000,200078,'GA3102','2015-08-05'),(179,850000,200079,'GA3102','2015-08-05'),(180,900000,200080,'GA3102','2015-08-05'),(181,350000,200081,'GA3222','2015-08-06'),(182,400000,200082,'GA3222','2015-08-06'),(183,450000,200083,'GA3222','2015-08-06'),(184,500000,200084,'GA3222','2015-08-06'),(185,550000,200085,'GA3222','2015-08-06'),(186,600000,200086,'GA3222','2015-08-06'),(187,650000,200087,'GA3222','2015-08-06'),(188,700000,200088,'GA3222','2015-08-06'),(189,750000,200089,'GA3222','2015-08-06'),(190,800000,200090,'GA3222','2015-08-06'),(191,850000,200091,'GA3222','2015-08-06'),(192,900000,200092,'GA3222','2015-08-06'),(193,350000,200093,'GA3222','2015-08-06'),(194,400000,200094,'GA3222','2015-08-06'),(195,450000,200095,'GA3222','2015-08-06'),(196,500000,200096,'GA3222','2015-08-06'),(197,550000,200097,'GA3222','2015-08-06'),(198,600000,200098,'GA3222','2015-08-06'),(199,650000,200099,'GA3222','2015-08-06'),(200,700000,200100,'GA3222','2015-08-06'),(201,350000,100001,'LI3127','2015-08-07'),(202,400000,100002,'LI3127','2015-08-07'),(203,450000,100003,'LI3127','2015-08-07'),(204,500000,100004,'LI3127','2015-08-07'),(205,550000,100005,'LI3127','2015-08-07'),(206,600000,100006,'LI3127','2015-08-07'),(207,650000,100007,'LI3127','2015-08-07'),(208,700000,100008,'LI3127','2015-08-07'),(209,750000,100009,'LI3127','2015-08-07'),(210,800000,100010,'LI3127','2015-08-07'),(211,850000,100011,'LI3127','2015-08-07'),(212,900000,100012,'LI3127','2015-08-07'),(213,350000,100013,'LI3127','2015-08-07'),(214,400000,100014,'LI3127','2015-08-07'),(215,450000,100015,'LI3127','2015-08-07'),(216,500000,100016,'LI3127','2015-08-07'),(217,550000,100017,'LI3127','2015-08-07'),(218,600000,100018,'LI3127','2015-08-07'),(219,650000,100019,'LI3127','2015-08-07'),(220,700000,100020,'LI3127','2015-08-07'),(221,750000,100021,'SR2337','2015-08-17'),(222,800000,100022,'SR2337','2015-08-17'),(223,850000,100023,'SR2337','2015-08-17'),(224,900000,100024,'SR2337','2015-08-17'),(225,350000,100025,'SR2337','2015-08-17'),(226,400000,100026,'SR2337','2015-08-17'),(227,450000,100027,'SR2337','2015-08-17'),(228,500000,100028,'SR2337','2015-08-17'),(229,550000,100029,'SR2337','2015-08-17'),(230,600000,100030,'SR2337','2015-08-17'),(231,650000,100031,'SR2337','2015-08-17'),(232,700000,100032,'SR2337','2015-08-17'),(233,750000,100033,'SR2337','2015-08-17'),(234,800000,100034,'SR2337','2015-08-17'),(235,850000,100035,'SR2337','2015-08-17'),(236,900000,100036,'SR2337','2015-08-17'),(237,350000,100037,'SR2337','2015-08-17'),(238,400000,100038,'SR2337','2015-08-17'),(239,450000,100039,'SR2337','2015-08-17'),(240,500000,100040,'SR2337','2015-08-17'),(241,550000,100041,'GA2157','2015-09-02'),(242,600000,100042,'GA2157','2015-09-02'),(243,650000,100043,'GA2157','2015-09-02'),(244,700000,100044,'GA2157','2015-09-02'),(245,750000,100045,'GA2157','2015-09-02'),(246,800000,100046,'GA2157','2015-09-02'),(247,850000,100047,'GA2157','2015-09-02'),(248,900000,100048,'GA2157','2015-09-02'),(249,350000,100049,'GA2157','2015-09-02'),(250,400000,100050,'GA2157','2015-09-02'),(251,450000,200051,'GA2157','2015-09-02'),(252,500000,200052,'GA2157','2015-09-02'),(253,550000,200053,'GA2157','2015-09-02'),(254,600000,200054,'GA2157','2015-09-02'),(255,650000,200055,'GA2157','2015-09-02'),(256,700000,200056,'GA2157','2015-09-02'),(257,750000,200057,'GA2157','2015-09-02'),(258,800000,200058,'GA2157','2015-09-02'),(259,850000,200059,'GA2157','2015-09-02'),(260,900000,200060,'GA2157','2015-09-02'),(261,350000,200061,'SR2362','2015-09-02'),(262,400000,200062,'SR2362','2015-09-02'),(263,450000,200063,'SR2362','2015-09-02'),(264,500000,200064,'SR2362','2015-09-02'),(265,550000,200065,'SR2362','2015-09-02'),(266,600000,200066,'SR2362','2015-09-02'),(267,650000,200067,'SR2362','2015-09-02'),(268,700000,200068,'SR2362','2015-09-02'),(269,750000,200069,'SR2362','2015-09-02'),(270,800000,200070,'SR2362','2015-09-02'),(271,850000,200071,'SR2362','2015-09-02'),(272,900000,200072,'SR2362','2015-09-02'),(273,350000,200073,'SR2362','2015-09-02'),(274,400000,200074,'SR2362','2015-09-02'),(275,450000,200075,'SR2362','2015-09-02'),(276,500000,200076,'SR2362','2015-09-02'),(277,550000,200077,'SR2362','2015-09-02'),(278,600000,200078,'SR2362','2015-09-02'),(279,650000,200079,'SR2362','2015-09-02'),(280,700000,200080,'SR2362','2015-09-02'),(281,750000,200081,'LI2214','2015-09-03'),(282,800000,200082,'LI2214','2015-09-03'),(283,850000,200083,'LI2214','2015-09-03'),(284,900000,200084,'LI2214','2015-09-03'),(285,350000,200085,'LI2214','2015-09-03'),(286,400000,200086,'LI2214','2015-09-03'),(287,450000,200087,'LI2214','2015-09-03'),(288,500000,200088,'LI2214','2015-09-03'),(289,550000,200089,'LI2214','2015-09-03'),(290,600000,200090,'LI2214','2015-09-03'),(291,650000,200091,'LI2214','2015-09-03'),(292,700000,200092,'LI2214','2015-09-03'),(293,750000,200093,'LI2214','2015-09-03'),(294,800000,200094,'LI2214','2015-09-03'),(295,850000,200095,'LI2214','2015-09-03'),(296,900000,200096,'LI2214','2015-09-03'),(297,350000,200097,'LI2214','2015-09-03'),(298,400000,200098,'LI2214','2015-09-03'),(299,450000,200099,'LI2214','2015-09-03'),(300,500000,200100,'LI2214','2015-09-03'),(301,550000,100001,'LI2278','2015-09-04'),(302,600000,100002,'LI2278','2015-09-04'),(303,650000,100003,'LI2278','2015-09-04'),(304,700000,100004,'LI2278','2015-09-04'),(305,750000,100005,'LI2278','2015-09-04'),(306,800000,100006,'LI2278','2015-09-04'),(307,850000,100007,'LI2278','2015-09-04'),(308,900000,100008,'LI2278','2015-09-04'),(309,350000,100009,'LI2278','2015-09-04'),(310,400000,100010,'LI2278','2015-09-04'),(311,450000,100011,'LI2278','2015-09-04'),(312,500000,100012,'LI2278','2015-09-04'),(313,550000,100013,'LI2278','2015-09-04'),(314,600000,100014,'LI2278','2015-09-04'),(315,650000,100015,'LI2278','2015-09-04'),(316,700000,100016,'LI2278','2015-09-04'),(317,750000,100017,'LI2278','2015-09-04'),(318,800000,100018,'LI2278','2015-09-04'),(319,850000,100019,'LI2278','2015-09-04'),(320,900000,100020,'LI2278','2015-09-04'),(321,350000,100021,'GA2092','2015-09-05'),(322,400000,100022,'GA2092','2015-09-05'),(323,450000,100023,'GA2092','2015-09-05'),(324,500000,100024,'GA2092','2015-09-05'),(325,550000,100025,'GA2092','2015-09-05'),(326,600000,100026,'GA2092','2015-09-05'),(327,650000,100027,'GA2092','2015-09-05'),(328,700000,100028,'GA2092','2015-09-05'),(329,750000,100029,'GA2092','2015-09-05'),(330,800000,100030,'GA2092','2015-09-05'),(331,850000,100031,'GA2092','2015-09-05'),(332,900000,100032,'GA2092','2015-09-05'),(333,350000,100033,'GA2092','2015-09-05'),(334,400000,100034,'GA2092','2015-09-05'),(335,450000,100035,'GA2092','2015-09-05'),(336,500000,100036,'GA2092','2015-09-05'),(337,550000,100037,'GA2092','2015-09-05'),(338,600000,100038,'GA2092','2015-09-05'),(339,650000,100039,'GA2092','2015-09-05'),(340,700000,100040,'GA2092','2015-09-05'),(341,750000,100041,'LI2171','2015-09-06'),(342,800000,100042,'LI2171','2015-09-06'),(343,850000,100043,'LI2171','2015-09-06'),(344,900000,100044,'LI2171','2015-09-06'),(345,350000,100045,'LI2171','2015-09-06'),(346,400000,100046,'LI2171','2015-09-06'),(347,450000,100047,'LI2171','2015-09-06'),(348,500000,100048,'LI2171','2015-09-06'),(349,550000,100049,'LI2171','2015-09-06'),(350,600000,100050,'LI2171','2015-09-06'),(351,650000,200051,'LI2171','2015-09-06'),(352,700000,200052,'LI2171','2015-09-06'),(353,750000,200053,'LI2171','2015-09-06'),(354,800000,200054,'LI2171','2015-09-06'),(355,850000,200055,'LI2171','2015-09-06'),(356,900000,200056,'LI2171','2015-09-06'),(357,350000,200057,'LI2171','2015-09-06'),(358,400000,200058,'LI2171','2015-09-06'),(359,450000,200059,'LI2171','2015-09-06'),(360,500000,200060,'LI2171','2015-09-06'),(361,550000,200061,'SR2279','2015-09-07'),(362,600000,200062,'SR2279','2015-09-07'),(363,650000,200063,'SR2279','2015-09-07'),(364,700000,200064,'SR2279','2015-09-07'),(365,750000,200065,'SR2279','2015-09-07'),(366,800000,200066,'SR2279','2015-09-07'),(367,850000,200067,'SR2279','2015-09-07'),(368,900000,200068,'SR2279','2015-09-07'),(369,350000,200069,'SR2279','2015-09-07'),(370,400000,200070,'SR2279','2015-09-07'),(371,450000,200071,'SR2279','2015-09-07'),(372,500000,200072,'SR2279','2015-09-07'),(373,550000,200073,'SR2279','2015-09-07'),(374,600000,200074,'SR2279','2015-09-07'),(375,650000,200075,'SR2279','2015-09-07'),(376,700000,200076,'SR2279','2015-09-07'),(377,750000,200077,'SR2279','2015-09-07'),(378,800000,200078,'SR2279','2015-09-07'),(379,850000,200079,'SR2279','2015-09-07'),(380,900000,200080,'SR2279','2015-09-07'),(381,350000,200081,'CA3270','2015-09-07'),(382,400000,200082,'CA3270','2015-09-07'),(383,450000,200083,'CA3270','2015-09-07'),(384,500000,200084,'CA3270','2015-09-07'),(385,550000,200085,'CA3270','2015-09-07'),(386,600000,200086,'CA3270','2015-09-07'),(387,650000,200087,'CA3270','2015-09-07'),(388,700000,200088,'CA3270','2015-09-07'),(389,750000,200089,'CA3270','2015-09-07'),(390,800000,200090,'CA3270','2015-09-07'),(391,850000,200091,'CA3270','2015-09-07'),(392,900000,200092,'CA3270','2015-09-07'),(393,350000,200093,'CA3270','2015-09-07'),(394,400000,200094,'CA3270','2015-09-07'),(395,450000,200095,'CA3270','2015-09-07'),(396,500000,200096,'CA3270','2015-09-07'),(397,550000,200097,'CA3270','2015-09-07'),(398,600000,200098,'CA3270','2015-09-07'),(399,650000,200099,'CA3270','2015-09-07'),(400,700000,200100,'CA3270','2015-09-07'),(401,350000,100001,'CA3678','2015-09-10'),(402,400000,100002,'CA3678','2015-09-10'),(403,450000,100003,'CA3678','2015-09-10'),(404,500000,100004,'CA3678','2015-09-10'),(405,550000,100005,'CA3678','2015-09-10'),(406,600000,100006,'CA3678','2015-09-10'),(407,650000,100007,'CA3678','2015-09-10'),(408,700000,100008,'CA3678','2015-09-10'),(409,750000,100009,'CA3678','2015-09-10'),(410,800000,100010,'CA3678','2015-09-10'),(411,850000,100011,'CA3678','2015-09-10'),(412,900000,100012,'CA3678','2015-09-10'),(413,350000,100013,'CA3678','2015-09-10'),(414,400000,100014,'CA3678','2015-09-10'),(415,450000,100015,'CA3678','2015-09-10'),(416,500000,100016,'CA3678','2015-09-10'),(417,550000,100017,'CA3678','2015-09-10'),(418,600000,100018,'CA3678','2015-09-10'),(419,650000,100019,'CA3678','2015-09-10'),(420,700000,100020,'CA3678','2015-09-10'),(421,750000,100021,'GA2082','2015-09-17'),(422,800000,100022,'GA2082','2015-09-17'),(423,850000,100023,'GA2082','2015-09-17'),(424,900000,100024,'GA2082','2015-09-17'),(425,350000,100025,'GA2082','2015-09-17'),(426,400000,100026,'GA2082','2015-09-17'),(427,450000,100027,'GA2082','2015-09-17'),(428,500000,100028,'GA2082','2015-09-17'),(429,550000,100029,'GA2082','2015-09-17'),(430,600000,100030,'GA2082','2015-09-17'),(431,650000,100031,'GA2082','2015-09-17'),(432,700000,100032,'GA2082','2015-09-17'),(433,750000,100033,'GA2082','2015-09-17'),(434,800000,100034,'GA2082','2015-09-17'),(435,850000,100035,'GA2082','2015-09-17'),(436,900000,100036,'GA2082','2015-09-17'),(437,350000,100037,'GA2082','2015-09-17'),(438,400000,100038,'GA2082','2015-09-17'),(439,450000,100039,'GA2082','2015-09-17'),(440,500000,100040,'GA2082','2015-09-17'),(441,550000,100041,'SA3232','2015-09-21'),(442,600000,100042,'SA3232','2015-09-21'),(443,650000,100043,'SA3232','2015-09-21'),(444,700000,100044,'SA3232','2015-09-21'),(445,750000,100045,'SA3232','2015-09-21'),(446,800000,100046,'SA3232','2015-09-21'),(447,850000,100047,'SA3232','2015-09-21'),(448,900000,100048,'SA3232','2015-09-21'),(449,350000,100049,'SA3232','2015-09-21'),(450,400000,100050,'SA3232','2015-09-21'),(451,450000,200051,'SA3232','2015-09-21'),(452,500000,200052,'SA3232','2015-09-21'),(453,550000,200053,'SA3232','2015-09-21'),(454,600000,200054,'SA3232','2015-09-21'),(455,650000,200055,'SA3232','2015-09-21'),(456,700000,200056,'SA3232','2015-09-21'),(457,750000,200057,'SA3232','2015-09-21'),(458,800000,200058,'SA3232','2015-09-21'),(459,850000,200059,'SA3232','2015-09-21'),(460,900000,200060,'SA3232','2015-09-21'),(461,350000,200061,'KR3098','2015-09-25'),(462,400000,200062,'KR3098','2015-09-25'),(463,450000,200063,'KR3098','2015-09-25'),(464,500000,200064,'KR3098','2015-09-25'),(465,550000,200065,'KR3098','2015-09-25'),(466,600000,200066,'KR3098','2015-09-25'),(467,650000,200067,'KR3098','2015-09-25'),(468,700000,200068,'KR3098','2015-09-25'),(469,750000,200069,'KR3098','2015-09-25'),(470,800000,200070,'KR3098','2015-09-25'),(471,850000,200071,'KR3098','2015-09-25'),(472,900000,200072,'KR3098','2015-09-25'),(473,350000,200073,'KR3098','2015-09-25'),(474,400000,200074,'KR3098','2015-09-25'),(475,450000,200075,'KR3098','2015-09-25'),(476,500000,200076,'KR3098','2015-09-25'),(477,550000,200077,'KR3098','2015-09-25'),(478,600000,200078,'KR3098','2015-09-25'),(479,650000,200079,'KR3098','2015-09-25'),(480,700000,200080,'KR3098','2015-09-25'),(481,750000,200081,'SA3412','2015-09-28'),(482,800000,200082,'SA3412','2015-09-28'),(483,850000,200083,'SA3412','2015-09-28'),(484,900000,200084,'SA3412','2015-09-28'),(485,350000,200085,'SA3412','2015-09-28'),(486,400000,200086,'SA3412','2015-09-28'),(487,450000,200087,'SA3412','2015-09-28'),(488,500000,200088,'SA3412','2015-09-28'),(489,550000,200089,'SA3412','2015-09-28'),(490,600000,200090,'SA3412','2015-09-28'),(491,650000,200091,'SA3412','2015-09-28'),(492,700000,200092,'SA3412','2015-09-28'),(493,750000,200093,'SA3412','2015-09-28'),(494,800000,200094,'SA3412','2015-09-28'),(495,850000,200095,'SA3412','2015-09-28'),(496,900000,200096,'SA3412','2015-09-28'),(497,350000,200097,'SA3412','2015-09-28'),(498,400000,200098,'SA3412','2015-09-28'),(499,450000,200099,'SA3412','2015-09-28'),(500,500000,200100,'SA3412','2015-09-28'),(501,550000,100001,'GA3102','2015-10-02'),(502,600000,100002,'GA3102','2015-10-02'),(503,650000,100003,'GA3102','2015-10-02'),(504,700000,100004,'GA3102','2015-10-02'),(505,750000,100005,'GA3102','2015-10-02'),(506,800000,100006,'GA3102','2015-10-02'),(507,850000,100007,'GA3102','2015-10-02'),(508,900000,100008,'GA3102','2015-10-02'),(509,350000,100009,'GA3102','2015-10-02'),(510,400000,100010,'GA3102','2015-10-02'),(511,450000,100011,'GA3102','2015-10-02'),(512,500000,100012,'GA3102','2015-10-02'),(513,550000,100013,'GA3102','2015-10-02'),(514,600000,100014,'GA3102','2015-10-02'),(515,650000,100015,'GA3102','2015-10-02'),(516,700000,100016,'GA3102','2015-10-02'),(517,750000,100017,'GA3102','2015-10-02'),(518,800000,100018,'GA3102','2015-10-02'),(519,850000,100019,'GA3102','2015-10-02'),(520,900000,100020,'GA3102','2015-10-02'),(521,350000,100021,'GA3222','2015-10-03'),(522,400000,100022,'GA3222','2015-10-03'),(523,450000,100023,'GA3222','2015-10-03'),(524,500000,100024,'GA3222','2015-10-03'),(525,550000,100025,'GA3222','2015-10-03'),(526,600000,100026,'GA3222','2015-10-03'),(527,650000,100027,'GA3222','2015-10-03'),(528,700000,100028,'GA3222','2015-10-03'),(529,750000,100029,'GA3222','2015-10-03'),(530,800000,100030,'GA3222','2015-10-03'),(531,850000,100031,'GA3222','2015-10-03'),(532,900000,100032,'GA3222','2015-10-03'),(533,350000,100033,'GA3222','2015-10-03'),(534,400000,100034,'GA3222','2015-10-03'),(535,450000,100035,'GA3222','2015-10-03'),(536,500000,100036,'GA3222','2015-10-03'),(537,550000,100037,'GA3222','2015-10-03'),(538,600000,100038,'GA3222','2015-10-03'),(539,650000,100039,'GA3222','2015-10-03'),(540,700000,100040,'GA3222','2015-10-03'),(541,750000,100041,'LI3127','2015-10-04'),(542,800000,100042,'LI3127','2015-10-04'),(543,850000,100043,'LI3127','2015-10-04'),(544,900000,100044,'LI3127','2015-10-04'),(545,350000,100045,'LI3127','2015-10-04'),(546,400000,100046,'LI3127','2015-10-04'),(547,450000,100047,'LI3127','2015-10-04'),(548,500000,100048,'LI3127','2015-10-04'),(549,550000,100049,'LI3127','2015-10-04'),(550,600000,100050,'LI3127','2015-10-04'),(551,650000,200051,'LI3127','2015-10-04'),(552,700000,200052,'LI3127','2015-10-04'),(553,750000,200053,'LI3127','2015-10-04'),(554,800000,200054,'LI3127','2015-10-04'),(555,850000,200055,'LI3127','2015-10-04'),(556,900000,200056,'LI3127','2015-10-04'),(557,350000,200057,'LI3127','2015-10-04'),(558,400000,200058,'LI3127','2015-10-04'),(559,450000,200059,'LI3127','2015-10-04'),(560,500000,200060,'LI3127','2015-10-04'),(561,550000,200061,'SR2337','2015-10-04'),(562,600000,200062,'SR2337','2015-10-04'),(563,650000,200063,'SR2337','2015-10-04'),(564,700000,200064,'SR2337','2015-10-04'),(565,750000,200065,'SR2337','2015-10-04'),(566,800000,200066,'SR2337','2015-10-04'),(567,850000,200067,'SR2337','2015-10-04'),(568,900000,200068,'SR2337','2015-10-04'),(569,350000,200069,'SR2337','2015-10-04'),(570,400000,200070,'SR2337','2015-10-04'),(571,450000,200071,'SR2337','2015-10-04'),(572,500000,200072,'SR2337','2015-10-04'),(573,550000,200073,'SR2337','2015-10-04'),(574,600000,200074,'SR2337','2015-10-04'),(575,650000,200075,'SR2337','2015-10-04'),(576,700000,200076,'SR2337','2015-10-04'),(577,750000,200077,'SR2337','2015-10-04'),(578,800000,200078,'SR2337','2015-10-04'),(579,850000,200079,'SR2337','2015-10-04'),(580,900000,200080,'SR2337','2015-10-04'),(581,350000,200081,'GA2157','2015-10-04'),(582,400000,200082,'GA2157','2015-10-04'),(583,450000,200083,'GA2157','2015-10-04'),(584,500000,200084,'GA2157','2015-10-04'),(585,550000,200085,'GA2157','2015-10-04'),(586,600000,200086,'GA2157','2015-10-04'),(587,650000,200087,'GA2157','2015-10-04'),(588,700000,200088,'GA2157','2015-10-04'),(589,750000,200089,'GA2157','2015-10-04'),(590,800000,200090,'GA2157','2015-10-04'),(591,850000,200091,'GA2157','2015-10-04'),(592,900000,200092,'GA2157','2015-10-04'),(593,350000,200093,'GA2157','2015-10-04'),(594,400000,200094,'GA2157','2015-10-04'),(595,450000,200095,'GA2157','2015-10-04'),(596,500000,200096,'GA2157','2015-10-04'),(597,550000,200097,'GA2157','2015-10-04'),(598,600000,200098,'GA2157','2015-10-04'),(599,650000,200099,'GA2157','2015-10-04'),(600,700000,200100,'GA2157','2015-10-04'),(601,350000,100001,'SR2362','2015-10-08'),(602,400000,100002,'SR2362','2015-10-08'),(603,450000,100003,'SR2362','2015-10-08'),(604,500000,100004,'SR2362','2015-10-08'),(605,550000,100005,'SR2362','2015-10-08'),(606,600000,100006,'SR2362','2015-10-08'),(607,650000,100007,'SR2362','2015-10-08'),(608,700000,100008,'SR2362','2015-10-08'),(609,750000,100009,'SR2362','2015-10-08'),(610,800000,100010,'SR2362','2015-10-08'),(611,850000,100011,'SR2362','2015-10-08'),(612,900000,100012,'SR2362','2015-10-08'),(613,350000,100013,'SR2362','2015-10-08'),(614,400000,100014,'SR2362','2015-10-08'),(615,450000,100015,'SR2362','2015-10-08'),(616,500000,100016,'SR2362','2015-10-08'),(617,550000,100017,'SR2362','2015-10-08'),(618,600000,100018,'SR2362','2015-10-08'),(619,650000,100019,'SR2362','2015-10-08'),(620,700000,100020,'SR2362','2015-10-08'),(621,750000,100021,'LI2214','2015-10-12'),(622,800000,100022,'LI2214','2015-10-12'),(623,850000,100023,'LI2214','2015-10-12'),(624,900000,100024,'LI2214','2015-10-12'),(625,350000,100025,'LI2214','2015-10-12'),(626,400000,100026,'LI2214','2015-10-12'),(627,450000,100027,'LI2214','2015-10-12'),(628,500000,100028,'LI2214','2015-10-12'),(629,550000,100029,'LI2214','2015-10-12'),(630,600000,100030,'LI2214','2015-10-12'),(631,650000,100031,'LI2214','2015-10-12'),(632,700000,100032,'LI2214','2015-10-12'),(633,750000,100033,'LI2214','2015-10-12'),(634,800000,100034,'LI2214','2015-10-12'),(635,850000,100035,'LI2214','2015-10-12'),(636,900000,100036,'LI2214','2015-10-12'),(637,350000,100037,'LI2214','2015-10-12'),(638,400000,100038,'LI2214','2015-10-12'),(639,450000,100039,'LI2214','2015-10-12'),(640,500000,100040,'LI2214','2015-10-12'),(641,550000,100041,'LI2278','2015-10-15'),(642,600000,100042,'LI2278','2015-10-15'),(643,650000,100043,'LI2278','2015-10-15'),(644,700000,100044,'LI2278','2015-10-15'),(645,750000,100045,'LI2278','2015-10-15'),(646,800000,100046,'LI2278','2015-10-15'),(647,850000,100047,'LI2278','2015-10-15'),(648,900000,100048,'LI2278','2015-10-15'),(649,350000,100049,'LI2278','2015-10-15'),(650,400000,100050,'LI2278','2015-10-15'),(651,450000,200051,'LI2278','2015-10-15'),(652,500000,200052,'LI2278','2015-10-15'),(653,550000,200053,'LI2278','2015-10-15'),(654,600000,200054,'LI2278','2015-10-15'),(655,650000,200055,'LI2278','2015-10-15'),(656,700000,200056,'LI2278','2015-10-15'),(657,750000,200057,'LI2278','2015-10-15'),(658,800000,200058,'LI2278','2015-10-15'),(659,850000,200059,'LI2278','2015-10-15'),(660,900000,200060,'LI2278','2015-10-15'),(661,350000,200061,'GA2092','2015-10-16'),(662,400000,200062,'GA2092','2015-10-16'),(663,450000,200063,'GA2092','2015-10-16'),(664,500000,200064,'GA2092','2015-10-16'),(665,550000,200065,'GA2092','2015-10-16'),(666,600000,200066,'GA2092','2015-10-16'),(667,650000,200067,'GA2092','2015-10-16'),(668,700000,200068,'GA2092','2015-10-16'),(669,750000,200069,'GA2092','2015-10-16'),(670,800000,200070,'GA2092','2015-10-16'),(671,850000,200071,'GA2092','2015-10-16'),(672,900000,200072,'GA2092','2015-10-16'),(673,350000,200073,'GA2092','2015-10-16'),(674,400000,200074,'GA2092','2015-10-16'),(675,450000,200075,'GA2092','2015-10-16'),(676,500000,200076,'GA2092','2015-10-16'),(677,550000,200077,'GA2092','2015-10-16'),(678,600000,200078,'GA2092','2015-10-16'),(679,650000,200079,'GA2092','2015-10-16'),(680,700000,200080,'GA2092','2015-10-16'),(681,750000,200081,'LI2171','2015-10-17'),(682,800000,200082,'LI2171','2015-10-17'),(683,850000,200083,'LI2171','2015-10-17'),(684,900000,200084,'LI2171','2015-10-17'),(685,350000,200085,'LI2171','2015-10-17'),(686,400000,200086,'LI2171','2015-10-17'),(687,450000,200087,'LI2171','2015-10-17'),(688,500000,200088,'LI2171','2015-10-17'),(689,550000,200089,'LI2171','2015-10-17'),(690,600000,200090,'LI2171','2015-10-17'),(691,650000,200091,'LI2171','2015-10-17'),(692,700000,200092,'LI2171','2015-10-17'),(693,750000,200093,'LI2171','2015-10-17'),(694,800000,200094,'LI2171','2015-10-17'),(695,850000,200095,'LI2171','2015-10-17'),(696,900000,200096,'LI2171','2015-10-17'),(697,350000,200097,'LI2171','2015-10-17'),(698,400000,200098,'LI2171','2015-10-17'),(699,450000,200099,'LI2171','2015-10-17'),(700,500000,200100,'LI2171','2015-10-17'),(701,550000,100001,'SR2279','2015-10-18'),(702,600000,100002,'SR2279','2015-10-18'),(703,650000,100003,'SR2279','2015-10-18'),(704,700000,100004,'SR2279','2015-10-18'),(705,750000,100005,'SR2279','2015-10-18'),(706,800000,100006,'SR2279','2015-10-18'),(707,850000,100007,'SR2279','2015-10-18'),(708,900000,100008,'SR2279','2015-10-18'),(709,350000,100009,'SR2279','2015-10-18'),(710,400000,100010,'SR2279','2015-10-18'),(711,450000,100011,'SR2279','2015-10-18'),(712,500000,100012,'SR2279','2015-10-18'),(713,550000,100013,'SR2279','2015-10-18'),(714,600000,100014,'SR2279','2015-10-18'),(715,650000,100015,'SR2279','2015-10-18'),(716,700000,100016,'SR2279','2015-10-18'),(717,750000,100017,'SR2279','2015-10-18'),(718,800000,100018,'SR2279','2015-10-18'),(719,850000,100019,'SR2279','2015-10-18'),(720,900000,100020,'SR2279','2015-10-18'),(721,350000,100021,'CA3270','2015-10-22'),(722,400000,100022,'CA3270','2015-10-22'),(723,450000,100023,'CA3270','2015-10-22'),(724,500000,100024,'CA3270','2015-10-22'),(725,550000,100025,'CA3270','2015-10-22'),(726,600000,100026,'CA3270','2015-10-22'),(727,650000,100027,'CA3270','2015-10-22'),(728,700000,100028,'CA3270','2015-10-22'),(729,750000,100029,'CA3270','2015-10-22'),(730,800000,100030,'CA3270','2015-10-22'),(731,850000,100031,'CA3270','2015-10-22'),(732,900000,100032,'CA3270','2015-10-22'),(733,350000,100033,'CA3270','2015-10-22'),(734,400000,100034,'CA3270','2015-10-22'),(735,450000,100035,'CA3270','2015-10-22'),(736,500000,100036,'CA3270','2015-10-22'),(737,550000,100037,'CA3270','2015-10-22'),(738,600000,100038,'CA3270','2015-10-22'),(739,650000,100039,'CA3270','2015-10-22'),(740,700000,100040,'CA3270','2015-10-22'),(741,750000,100041,'CA3678','2015-10-26'),(742,800000,100042,'CA3678','2015-10-26'),(743,850000,100043,'CA3678','2015-10-26'),(744,900000,100044,'CA3678','2015-10-26'),(745,350000,100045,'CA3678','2015-10-26'),(746,400000,100046,'CA3678','2015-10-26'),(747,450000,100047,'CA3678','2015-10-26'),(748,500000,100048,'CA3678','2015-10-26'),(749,550000,100049,'CA3678','2015-10-26'),(750,600000,100050,'CA3678','2015-10-26'),(751,650000,200051,'CA3678','2015-10-26'),(752,700000,200052,'CA3678','2015-10-26'),(753,750000,200053,'CA3678','2015-10-26'),(754,800000,200054,'CA3678','2015-10-26'),(755,850000,200055,'CA3678','2015-10-26'),(756,900000,200056,'CA3678','2015-10-26'),(757,350000,200057,'CA3678','2015-10-26'),(758,400000,200058,'CA3678','2015-10-26'),(759,450000,200059,'CA3678','2015-10-26'),(760,500000,200060,'CA3678','2015-10-26'),(761,550000,200061,'GA2082','2015-10-30'),(762,600000,200062,'GA2082','2015-10-30'),(763,650000,200063,'GA2082','2015-10-30'),(764,700000,200064,'GA2082','2015-10-30'),(765,750000,200065,'GA2082','2015-10-30'),(766,800000,200066,'GA2082','2015-10-30'),(767,850000,200067,'GA2082','2015-10-30'),(768,900000,200068,'GA2082','2015-10-30'),(769,350000,200069,'GA2082','2015-10-30'),(770,400000,200070,'GA2082','2015-10-30'),(771,450000,200071,'GA2082','2015-10-30'),(772,500000,200072,'GA2082','2015-10-30'),(773,550000,200073,'GA2082','2015-10-30'),(774,600000,200074,'GA2082','2015-10-30'),(775,650000,200075,'GA2082','2015-10-30'),(776,700000,200076,'GA2082','2015-10-30'),(777,750000,200077,'GA2082','2015-10-30'),(778,800000,200078,'GA2082','2015-10-30'),(779,850000,200079,'GA2082','2015-10-30'),(780,900000,200080,'GA2082','2015-10-30'),(781,350000,200081,'SA3232','2015-11-02'),(782,400000,200082,'SA3232','2015-11-02'),(783,450000,200083,'SA3232','2015-11-02'),(784,500000,200084,'SA3232','2015-11-02'),(785,550000,200085,'SA3232','2015-11-02'),(786,600000,200086,'SA3232','2015-11-02'),(787,650000,200087,'SA3232','2015-11-02'),(788,700000,200088,'SA3232','2015-11-02'),(789,750000,200089,'SA3232','2015-11-02'),(790,800000,200090,'SA3232','2015-11-02'),(791,850000,200091,'SA3232','2015-11-02'),(792,900000,200092,'SA3232','2015-11-02'),(793,350000,200093,'SA3232','2015-11-02'),(794,400000,200094,'SA3232','2015-11-02'),(795,450000,200095,'SA3232','2015-11-02'),(796,500000,200096,'SA3232','2015-11-02'),(797,550000,200097,'SA3232','2015-11-02'),(798,600000,200098,'SA3232','2015-11-02'),(799,650000,200099,'SA3232','2015-11-02'),(800,700000,200100,'SA3232','2015-11-02'),(801,350000,100001,'KR3098','2015-11-08'),(802,400000,100002,'KR3098','2015-11-08'),(803,450000,100003,'KR3098','2015-11-08'),(804,500000,100004,'KR3098','2015-11-08'),(805,550000,100005,'KR3098','2015-11-08'),(806,600000,100006,'KR3098','2015-11-08'),(807,650000,100007,'KR3098','2015-11-08'),(808,700000,100008,'KR3098','2015-11-08'),(809,750000,100009,'KR3098','2015-11-08'),(810,800000,100010,'KR3098','2015-11-08'),(811,850000,100011,'KR3098','2015-11-08'),(812,900000,100012,'KR3098','2015-11-08'),(813,350000,100013,'KR3098','2015-11-08'),(814,400000,100014,'KR3098','2015-11-08'),(815,450000,100015,'KR3098','2015-11-08'),(816,500000,100016,'KR3098','2015-11-08'),(817,550000,100017,'KR3098','2015-11-08'),(818,600000,100018,'KR3098','2015-11-08'),(819,650000,100019,'KR3098','2015-11-08'),(820,700000,100020,'KR3098','2015-11-08'),(821,750000,100021,'SA3412','2015-11-08'),(822,800000,100022,'SA3412','2015-11-08'),(823,850000,100023,'SA3412','2015-11-08'),(824,900000,100024,'SA3412','2015-11-08'),(825,350000,100025,'SA3412','2015-11-08'),(826,400000,100026,'SA3412','2015-11-08'),(827,450000,100027,'SA3412','2015-11-08'),(828,500000,100028,'SA3412','2015-11-08'),(829,550000,100029,'SA3412','2015-11-08'),(830,600000,100030,'SA3412','2015-11-08'),(831,650000,100031,'SA3412','2015-11-08'),(832,700000,100032,'SA3412','2015-11-08'),(833,750000,100033,'SA3412','2015-11-08'),(834,800000,100034,'SA3412','2015-11-08'),(835,850000,100035,'SA3412','2015-11-08'),(836,900000,100036,'SA3412','2015-11-08'),(837,350000,100037,'SA3412','2015-11-08'),(838,400000,100038,'SA3412','2015-11-08'),(839,450000,100039,'SA3412','2015-11-08'),(840,500000,100040,'GA3102','2015-11-09'),(841,550000,100041,'GA3102','2015-11-09'),(842,600000,100042,'GA3102','2015-11-09'),(843,650000,100043,'GA3102','2015-11-09'),(844,700000,100044,'GA3102','2015-11-09'),(845,750000,100045,'GA3102','2015-11-09'),(846,800000,100046,'GA3102','2015-11-09'),(847,850000,100047,'GA3102','2015-11-09'),(848,900000,100048,'GA3102','2015-11-09'),(849,350000,100049,'GA3102','2015-11-09'),(850,400000,100050,'GA3102','2015-11-09'),(851,450000,200051,'GA3102','2015-11-09'),(852,500000,200052,'GA3102','2015-11-09'),(853,550000,200053,'GA3102','2015-11-09'),(854,600000,200054,'GA3102','2015-11-09'),(855,650000,200055,'GA3102','2015-11-09'),(856,700000,200056,'GA3102','2015-11-09'),(857,750000,200057,'GA3102','2015-11-09'),(858,800000,200058,'GA3102','2015-11-09'),(859,850000,200059,'GA3102','2015-11-09'),(860,900000,200060,'GA3102','2015-11-09'),(861,350000,200061,'GA3222','2015-11-11'),(862,400000,200062,'GA3222','2015-11-11'),(863,450000,200063,'GA3222','2015-11-11'),(864,500000,200064,'GA3222','2015-11-11'),(865,550000,200065,'GA3222','2015-11-11'),(866,600000,200066,'GA3222','2015-11-11'),(867,650000,200067,'GA3222','2015-11-11'),(868,700000,200068,'GA3222','2015-11-11'),(869,750000,200069,'GA3222','2015-11-11'),(870,800000,200070,'GA3222','2015-11-11'),(871,850000,200071,'GA3222','2015-11-11'),(872,900000,200072,'GA3222','2015-11-11'),(873,350000,200073,'GA3222','2015-11-11'),(874,400000,200074,'GA3222','2015-11-11'),(875,450000,200075,'GA3222','2015-11-11'),(876,500000,200076,'GA3222','2015-11-11'),(877,550000,200077,'GA3222','2015-11-11'),(878,600000,200078,'GA3222','2015-11-11'),(879,650000,200079,'GA3222','2015-11-11'),(880,700000,200080,'GA3222','2015-11-11'),(881,750000,200081,'LI3127','2015-11-25'),(882,800000,200082,'LI3127','2015-11-25'),(883,850000,200083,'LI3127','2015-11-25'),(884,900000,200084,'LI3127','2015-11-25'),(885,350000,200085,'LI3127','2015-11-25'),(886,400000,200086,'LI3127','2015-11-25'),(887,450000,200087,'LI3127','2015-11-25'),(888,500000,200088,'LI3127','2015-11-25'),(889,550000,200089,'LI3127','2015-11-25'),(890,600000,200090,'LI3127','2015-11-25'),(891,650000,200091,'LI3127','2015-11-25'),(892,700000,200092,'LI3127','2015-11-25'),(893,750000,200093,'LI3127','2015-11-25'),(894,800000,200094,'LI3127','2015-11-25'),(895,850000,200095,'LI3127','2015-11-25'),(896,900000,200096,'LI3127','2015-11-25'),(897,350000,200097,'LI3127','2015-11-25'),(898,400000,200098,'LI3127','2015-11-25'),(899,450000,200099,'LI3127','2015-11-25'),(900,500000,200100,'LI3127','2015-11-25'),(901,550000,100001,'SR2337','2015-12-01'),(902,600000,100002,'SR2337','2015-12-01'),(903,650000,100003,'SR2337','2015-12-01'),(904,700000,100004,'SR2337','2015-12-01'),(905,750000,100005,'SR2337','2015-12-01'),(906,800000,100006,'SR2337','2015-12-01'),(907,850000,100007,'SR2337','2015-12-01'),(908,900000,100008,'SR2337','2015-12-01'),(909,350000,100009,'SR2337','2015-12-01'),(910,400000,100010,'SR2337','2015-12-01'),(911,450000,100011,'SR2337','2015-12-01'),(912,500000,100012,'SR2337','2015-12-01'),(913,550000,100013,'SR2337','2015-12-01'),(914,600000,100014,'SR2337','2015-12-01'),(915,650000,100015,'SR2337','2015-12-01'),(916,700000,100016,'SR2337','2015-12-01'),(917,750000,100017,'SR2337','2015-12-01'),(918,800000,100018,'SR2337','2015-12-01'),(919,850000,100019,'SR2337','2015-12-01'),(920,900000,100020,'SR2337','2015-12-01'),(921,350000,100021,'GA2157','2015-12-01'),(922,400000,100022,'GA2157','2015-12-01'),(923,450000,100023,'GA2157','2015-12-01'),(924,500000,100024,'GA2157','2015-12-01'),(925,550000,100025,'GA2157','2015-12-01'),(926,600000,100026,'GA2157','2015-12-01'),(927,650000,100027,'GA2157','2015-12-01'),(928,700000,100028,'GA2157','2015-12-01'),(929,750000,100029,'GA2157','2015-12-01'),(930,800000,100030,'GA2157','2015-12-01'),(931,850000,100031,'GA2157','2015-12-01'),(932,900000,100032,'GA2157','2015-12-01'),(933,350000,100033,'GA2157','2015-12-01'),(934,400000,100034,'GA2157','2015-12-01'),(935,450000,100035,'GA2157','2015-12-01'),(936,500000,100036,'GA2157','2015-12-01'),(937,550000,100037,'GA2157','2015-12-01'),(938,600000,100038,'GA2157','2015-12-01'),(939,650000,100039,'GA2157','2015-12-01'),(940,700000,100040,'GA2157','2015-12-01'),(941,750000,100041,'SR2362','2015-12-01'),(942,800000,100042,'SR2362','2015-12-01'),(943,850000,100043,'SR2362','2015-12-01'),(944,900000,100044,'SR2362','2015-12-01'),(945,350000,100045,'SR2362','2015-12-01'),(946,400000,100046,'SR2362','2015-12-01'),(947,450000,100047,'SR2362','2015-12-01'),(948,500000,100048,'SR2362','2015-12-01'),(949,550000,100049,'SR2362','2015-12-01'),(950,600000,100050,'SR2362','2015-12-01'),(951,650000,200051,'SR2362','2015-12-01'),(952,700000,200052,'SR2362','2015-12-01'),(953,750000,200053,'SR2362','2015-12-01'),(954,800000,200054,'SR2362','2015-12-01'),(955,850000,200055,'SR2362','2015-12-01'),(956,900000,200056,'SR2362','2015-12-01'),(957,350000,200057,'SR2362','2015-12-01'),(958,400000,200058,'SR2362','2015-12-01'),(959,450000,200059,'SR2362','2015-12-01'),(960,500000,200060,'SR2362','2015-12-01'),(961,550000,200061,'LI2214','2015-12-02'),(962,600000,200062,'LI2214','2015-12-02'),(963,650000,200063,'LI2214','2015-12-02'),(964,700000,200064,'LI2214','2015-12-02'),(965,750000,200065,'LI2214','2015-12-02'),(966,800000,200066,'LI2214','2015-12-02'),(967,850000,200067,'LI2214','2015-12-02'),(968,900000,200068,'LI2214','2015-12-02'),(969,350000,200069,'LI2214','2015-12-02'),(970,400000,200070,'LI2214','2015-12-02'),(971,450000,200071,'LI2214','2015-12-02'),(972,500000,200072,'LI2214','2015-12-02'),(973,550000,200073,'LI2214','2015-12-02'),(974,600000,200074,'LI2214','2015-12-02'),(975,650000,200075,'LI2214','2015-12-02'),(976,700000,200076,'LI2214','2015-12-02'),(977,750000,200077,'LI2214','2015-12-02'),(978,800000,200078,'LI2214','2015-12-02'),(979,850000,200079,'LI2214','2015-12-02'),(980,900000,200080,'LI2214','2015-12-02'),(981,350000,200081,'LI2278','2015-12-02'),(982,400000,200082,'LI2278','2015-12-02'),(983,450000,200083,'LI2278','2015-12-02'),(984,500000,200084,'LI2278','2015-12-02'),(985,550000,200085,'LI2278','2015-12-02'),(986,600000,200086,'LI2278','2015-12-02'),(987,650000,200087,'LI2278','2015-12-02'),(988,700000,200088,'LI2278','2015-12-02'),(989,750000,200089,'LI2278','2015-12-02'),(990,800000,200090,'LI2278','2015-12-02'),(991,850000,200091,'LI2278','2015-12-02'),(992,900000,200092,'LI2278','2015-12-02'),(993,350000,200093,'LI2278','2015-12-02'),(994,400000,200094,'LI2278','2015-12-02'),(995,450000,200095,'LI2278','2015-12-02'),(996,500000,200096,'LI2278','2015-12-02'),(997,550000,200097,'LI2278','2015-12-02'),(998,600000,200098,'LI2278','2015-12-02'),(999,650000,200099,'LI2278','2015-12-02'),(1000,700000,200100,'LI2278','2015-12-02'),(1001,450000,200063,'GA2092','2015-12-31'),(1002,500000,200064,'GA2092','2015-12-31'),(1003,550000,200065,'GA2092','2015-12-31'),(1004,600000,200066,'GA2092','2015-12-31'),(1005,650000,200067,'GA2092','2015-12-31'),(1006,700000,200068,'GA2092','2015-12-31'),(1007,750000,200069,'GA2092','2015-12-31'),(1008,800000,200070,'GA2092','2015-12-31'),(1009,850000,200071,'GA2092','2015-12-31'),(1010,900000,200072,'GA2092','2015-12-31'),(1011,350000,200073,'GA2092','2015-12-31'),(1012,400000,200074,'GA2092','2015-12-31'),(1013,450000,200075,'GA2092','2015-12-31'),(1014,500000,200076,'GA2092','2015-12-31'),(1015,550000,200077,'GA2092','2015-12-31'),(1016,600000,200078,'GA2092','2015-12-31'),(1017,650000,200079,'GA2092','2015-12-31'),(1018,700000,200080,'GA2092','2015-12-31'),(1019,750000,200081,'GA2092','2015-12-31'),(1020,800000,200082,'GA2092','2015-12-31');
/*!40000 ALTER TABLE `tiket` ENABLE KEYS */;
UNLOCK TABLES;

--
-- Table structure for table `transaksi`
--

DROP TABLE IF EXISTS `transaksi`;
/*!40101 SET @saved_cs_client     = @@character_set_client */;
/*!40101 SET character_set_client = utf8 */;
CREATE TABLE `transaksi` (
  `WaktuTransaksi` datetime NOT NULL,
  `IDCustomer` int(11) NOT NULL,
  `NomorTiket` int(11) NOT NULL,
  `IDPegawai` int(11) NOT NULL,
  `Tipe` char(15) NOT NULL,
  PRIMARY KEY (`WaktuTransaksi`,`IDCustomer`,`NomorTiket`,`IDPegawai`),
  KEY `IDCustomer` (`IDCustomer`),
  KEY `IDPegawai` (`IDPegawai`),
  KEY `NomorTiket` (`NomorTiket`),
  CONSTRAINT `qwe` FOREIGN KEY (`NomorTiket`) REFERENCES `tiket` (`NomorTiket`),
  CONSTRAINT `transaksi_ibfk_1` FOREIGN KEY (`IDCustomer`) REFERENCES `customer` (`IDCustomer`),
  CONSTRAINT `transaksi_ibfk_2` FOREIGN KEY (`IDPegawai`) REFERENCES `pegawai` (`IDPegawai`)
) ENGINE=InnoDB DEFAULT CHARSET=latin1;
/*!40101 SET character_set_client = @saved_cs_client */;

--
-- Dumping data for table `transaksi`
--

LOCK TABLES `transaksi` WRITE;
/*!40000 ALTER TABLE `transaksi` DISABLE KEYS */;
INSERT INTO `transaksi` VALUES ('2014-08-02 07:00:32',100037,701,394003,'Pembelian Tiket'),('2014-08-02 07:00:32',100077,101,394003,'Pembelian Tiket'),('2014-08-02 07:00:32',101005,501,394005,'Pembelian Tiket'),('2014-08-02 07:00:32',101030,901,394001,'Pembelian Tiket'),('2014-08-02 07:00:32',101039,301,394001,'Pembelian Tiket'),('2014-12-02 07:00:05',100038,702,394004,'Pembelian Tiket'),('2014-12-02 07:00:05',100077,102,394004,'Pembelian Tiket'),('2014-12-02 07:00:05',101005,502,394006,'Pembelian Tiket'),('2014-12-02 07:00:05',101030,902,394001,'Pembelian Tiket'),('2014-12-02 07:00:05',101039,302,394001,'Pembelian Tiket'),('2015-01-14 05:13:32',100039,703,394005,'Pembelian Tiket'),('2015-01-14 05:13:32',100077,103,394005,'Pembelian Tiket'),('2015-01-14 05:13:32',101005,503,394007,'Pembelian Tiket'),('2015-01-14 05:13:32',101030,903,394001,'Pembelian Tiket'),('2015-01-14 05:13:32',101040,303,394001,'Pembelian Tiket'),('2015-01-20 08:10:05',100001,1,394001,'Refund\r'),('2015-01-20 08:10:05',100036,601,394001,'Pembelian Tiket'),('2015-01-20 08:10:05',101005,801,394005,'Pembelian Tiket'),('2015-01-20 08:10:05',101015,201,394005,'Pembelian Tiket'),('2015-01-20 08:10:05',101030,401,394003,'Pembelian Tiket'),('2015-01-20 08:10:06',100001,2,394001,'Refund\r'),('2015-01-20 08:10:06',100035,602,394001,'Pembelian Tiket'),('2015-01-20 08:10:06',101006,802,394006,'Pembelian Tiket'),('2015-01-20 08:10:06',101015,202,394006,'Pembelian Tiket'),('2015-01-20 08:10:06',101030,402,394004,'Pembelian Tiket'),('2015-01-20 08:10:07',100001,3,394001,'Refund\r'),('2015-01-20 08:10:07',100034,603,394001,'Pembelian Tiket'),('2015-01-20 08:10:07',101006,803,394007,'Pembelian Tiket'),('2015-01-20 08:10:07',101015,203,394007,'Pembelian Tiket'),('2015-01-20 08:10:07',101030,403,394005,'Pembelian Tiket'),('2015-01-20 08:10:08',100001,4,394002,'Refund\r'),('2015-01-20 08:10:08',100033,604,394002,'Pembelian Tiket'),('2015-01-20 08:10:08',101006,804,394007,'Pembelian Tiket'),('2015-01-20 08:10:08',101015,204,394007,'Pembelian Tiket'),('2015-01-20 08:10:08',101030,404,394005,'Pembelian Tiket'),('2015-01-25 10:05:32',100002,5,394003,'Refund\r'),('2015-01-25 10:05:32',100032,605,394003,'Pembelian Tiket'),('2015-01-25 10:05:32',101006,805,394001,'Pembelian Tiket'),('2015-01-25 10:05:32',101015,205,394001,'Pembelian Tiket'),('2015-01-25 10:05:32',101030,405,394005,'Pembelian Tiket'),('2015-01-25 10:05:33',100002,6,394004,'Refund\r'),('2015-01-25 10:05:33',100031,606,394004,'Pembelian Tiket'),('2015-01-25 10:05:33',101006,806,394001,'Pembelian Tiket'),('2015-01-25 10:05:33',101016,206,394001,'Pembelian Tiket'),('2015-01-25 10:05:33',101029,406,394006,'Pembelian Tiket'),('2015-01-25 10:05:34',100003,7,394005,'Refund\r'),('2015-01-25 10:05:34',100030,607,394005,'Pembelian Tiket'),('2015-01-25 10:05:34',101006,807,394001,'Pembelian Tiket'),('2015-01-25 10:05:34',101016,207,394001,'Pembelian Tiket'),('2015-01-25 10:05:34',101029,407,394007,'Pembelian Tiket'),('2015-01-25 10:05:35',100004,8,394005,'Refund\r'),('2015-01-25 10:05:35',100029,608,394005,'Pembelian Tiket'),('2015-01-25 10:05:35',101006,808,394002,'Pembelian Tiket'),('2015-01-25 10:05:35',101016,208,394002,'Pembelian Tiket'),('2015-01-25 10:05:35',101029,408,394007,'Pembelian Tiket'),('2015-01-25 10:05:36',100005,9,394005,'Refund\r'),('2015-01-25 10:05:36',100028,609,394005,'Pembelian Tiket'),('2015-01-25 10:05:36',101006,809,394003,'Pembelian Tiket'),('2015-01-25 10:05:36',101016,209,394003,'Pembelian Tiket'),('2015-01-25 10:05:36',101029,409,394001,'Pembelian Tiket'),('2015-02-14 09:13:05',100040,704,394005,'Pembelian Tiket'),('2015-02-14 09:13:05',100077,104,394005,'Pembelian Tiket'),('2015-02-14 09:13:05',101005,504,394007,'Pembelian Tiket'),('2015-02-14 09:13:05',101030,904,394002,'Pembelian Tiket'),('2015-02-14 09:13:05',101040,304,394002,'Pembelian Tiket'),('2015-02-14 19:13:05',100041,705,394005,'Pembelian Tiket'),('2015-02-14 19:13:05',100078,105,394005,'Pembelian Tiket'),('2015-02-14 19:13:05',101005,505,394001,'Pembelian Tiket'),('2015-02-14 19:13:05',101030,905,394003,'Pembelian Tiket'),('2015-02-14 19:13:05',101040,305,394003,'Pembelian Tiket'),('2015-03-02 10:30:00',100013,21,394005,'Pembelian Tiket'),('2015-03-02 10:30:00',100018,621,394005,'Pembelian Tiket'),('2015-03-02 10:30:00',101013,821,394003,'Pembelian Tiket'),('2015-03-02 10:30:00',101018,221,394003,'Refund\r'),('2015-03-02 10:30:00',101024,421,394001,'Pembelian Tiket'),('2015-03-02 11:30:00',100013,22,394006,'Pembelian Tiket'),('2015-03-02 11:30:00',100017,622,394006,'Pembelian Tiket'),('2015-03-02 11:30:00',101013,822,394004,'Pembelian Tiket'),('2015-03-02 11:30:00',101018,222,394004,'Refund\r'),('2015-03-02 11:30:00',101023,422,394001,'Pembelian Tiket'),('2015-03-02 11:30:40',100013,24,394007,'Pembelian Tiket'),('2015-03-02 11:30:40',100015,624,394007,'Pembelian Tiket'),('2015-03-02 11:30:40',101013,824,394005,'Pembelian Tiket'),('2015-03-02 11:30:40',101019,224,394005,'Refund\r'),('2015-03-02 11:30:40',101021,424,394002,'Pembelian Tiket'),('2015-03-02 11:32:40',100013,23,394007,'Pembelian Tiket'),('2015-03-02 11:32:40',100016,623,394007,'Pembelian Tiket'),('2015-03-02 11:32:40',101013,823,394005,'Pembelian Tiket'),('2015-03-02 11:32:40',101019,223,394005,'Refund\r'),('2015-03-02 11:32:40',101022,423,394001,'Pembelian Tiket'),('2015-03-28 08:14:58',100042,706,394006,'Pembelian Tiket'),('2015-03-28 08:14:58',100079,106,394006,'Pembelian Tiket'),('2015-03-28 08:14:58',101005,506,394001,'Pembelian Tiket'),('2015-03-28 08:14:58',101030,906,394004,'Pembelian Tiket'),('2015-03-28 08:14:58',101040,306,394004,'Pembelian Tiket'),('2015-04-10 09:10:15',100042,707,394007,'Pembelian Tiket'),('2015-04-10 09:10:15',100042,708,394007,'Pembelian Tiket'),('2015-04-10 09:10:15',100080,107,394007,'Pembelian Tiket'),('2015-04-10 09:10:15',101005,507,394001,'Pembelian Tiket'),('2015-04-10 09:10:15',101005,508,394002,'Pembelian Tiket'),('2015-04-10 09:10:15',101030,907,394005,'Pembelian Tiket'),('2015-04-10 09:10:15',101030,908,394005,'Pembelian Tiket'),('2015-04-10 09:10:15',101040,307,394005,'Pembelian Tiket'),('2015-04-10 09:10:15',101040,308,394005,'Pembelian Tiket'),('2015-04-10 09:13:15',100081,108,394007,'Pembelian Tiket'),('2015-04-10 09:15:15',100042,709,394001,'Pembelian Tiket'),('2015-04-10 09:15:15',100082,109,394001,'Pembelian Tiket'),('2015-04-10 09:15:15',101004,509,394003,'Pembelian Tiket'),('2015-04-10 09:15:15',101030,909,394005,'Pembelian Tiket'),('2015-04-10 09:15:15',101040,309,394005,'Pembelian Tiket'),('2015-04-10 09:20:15',100042,710,394001,'Pembelian Tiket'),('2015-04-10 09:20:15',100083,110,394001,'Pembelian Tiket'),('2015-04-10 09:20:15',101004,510,394004,'Pembelian Tiket'),('2015-04-10 09:20:15',101031,910,394006,'Pembelian Tiket'),('2015-04-10 09:20:15',101040,310,394006,'Pembelian Tiket'),('2015-04-10 09:30:15',100042,711,394001,'Pembelian Tiket'),('2015-04-10 09:30:15',101001,111,394001,'Pembelian Tiket'),('2015-04-10 09:30:15',101004,511,394005,'Pembelian Tiket'),('2015-04-10 09:30:15',101032,911,394007,'Pembelian Tiket'),('2015-04-10 09:30:15',101040,311,394007,'Pembelian Tiket'),('2015-04-10 09:31:15',100043,712,394002,'Pembelian Tiket'),('2015-04-10 09:31:15',101001,112,394002,'Pembelian Tiket'),('2015-04-10 09:31:15',101004,512,394005,'Pembelian Tiket'),('2015-04-10 09:31:15',101033,912,394007,'Pembelian Tiket'),('2015-04-10 09:31:15',101040,312,394007,'Pembelian Tiket'),('2015-04-10 09:40:15',100044,713,394003,'Pembelian Tiket'),('2015-04-10 09:40:15',101001,113,394003,'Pembelian Tiket'),('2015-04-10 09:40:15',101003,513,394005,'Pembelian Tiket'),('2015-04-10 09:40:15',101034,913,394001,'Pembelian Tiket'),('2015-04-10 09:40:15',101040,313,394001,'Pembelian Tiket'),('2015-04-10 09:50:15',100045,714,394004,'Pembelian Tiket'),('2015-04-10 09:50:15',101001,114,394004,'Pembelian Tiket'),('2015-04-10 09:50:15',101003,514,394006,'Pembelian Tiket'),('2015-04-10 09:50:15',101040,314,394001,'Pembelian Tiket'),('2015-04-10 09:55:15',100046,715,394005,'Pembelian Tiket'),('2015-04-10 09:55:15',101001,115,394005,'Pembelian Tiket'),('2015-04-10 09:55:15',101003,515,394007,'Pembelian Tiket'),('2015-04-10 09:55:15',101040,315,394001,'Pembelian Tiket'),('2015-04-10 10:10:15',100047,716,394005,'Pembelian Tiket'),('2015-04-10 10:10:15',101001,116,394005,'Pembelian Tiket'),('2015-04-10 10:10:15',101003,516,394007,'Pembelian Tiket'),('2015-04-10 10:10:15',101040,316,394002,'Pembelian Tiket'),('2015-04-10 14:10:15',100048,717,394005,'Pembelian Tiket'),('2015-04-10 14:10:15',101001,117,394005,'Pembelian Tiket'),('2015-04-10 14:10:15',101003,517,394001,'Pembelian Tiket'),('2015-04-10 14:10:15',101040,317,394003,'Pembelian Tiket'),('2015-04-13 15:30:40',100013,25,394001,'Pembelian Tiket'),('2015-04-13 15:30:40',100014,625,394001,'Pembelian Tiket'),('2015-04-13 15:30:40',101013,825,394005,'Pembelian Tiket'),('2015-04-13 15:30:40',101019,225,394005,'Refund\r'),('2015-04-13 15:30:40',101020,425,394003,'Pembelian Tiket'),('2015-04-13 15:31:40',100013,626,394001,'Pembelian Tiket'),('2015-04-13 15:31:40',100014,26,394001,'Pembelian Tiket'),('2015-04-13 15:31:40',101013,826,394006,'Pembelian Tiket'),('2015-04-13 15:31:40',101019,426,394004,'Pembelian Tiket'),('2015-04-13 15:31:40',101020,226,394006,'Refund\r'),('2015-04-13 15:31:50',100013,627,394001,'Pembelian Tiket'),('2015-04-13 15:31:50',100015,27,394001,'Pembelian Tiket'),('2015-04-13 15:31:50',101013,827,394007,'Pembelian Tiket'),('2015-04-13 15:31:50',101019,427,394005,'Pembelian Tiket'),('2015-04-13 15:31:50',101021,227,394007,'Refund\r'),('2015-04-15 16:30:40',100013,628,394002,'Pembelian Tiket'),('2015-04-15 16:30:40',100016,28,394002,'Pembelian Tiket'),('2015-04-15 16:30:40',101013,828,394007,'Pembelian Tiket'),('2015-04-15 16:30:40',101019,428,394005,'Pembelian Tiket'),('2015-04-15 16:30:40',101022,228,394007,'Refund\r'),('2015-04-15 16:31:40',100013,629,394003,'Pembelian Tiket'),('2015-04-15 16:31:40',100017,29,394003,'Pembelian Tiket'),('2015-04-15 16:31:40',101013,829,394001,'Pembelian Tiket'),('2015-04-15 16:31:40',101018,429,394005,'Pembelian Tiket'),('2015-04-15 16:31:40',101023,229,394001,'Refund\r'),('2015-04-15 16:31:48',100013,630,394004,'Pembelian Tiket'),('2015-04-15 16:31:48',100018,30,394004,'Pembelian Tiket'),('2015-04-15 16:31:48',101013,830,394001,'Pembelian Tiket'),('2015-04-15 16:31:48',101018,430,394006,'Pembelian Tiket'),('2015-04-15 16:31:48',101024,230,394001,'Refund\r'),('2015-05-01 14:00:05',100006,10,394006,'Refund\r'),('2015-05-01 14:00:05',100027,610,394006,'Pembelian Tiket'),('2015-05-01 14:00:05',101006,810,394004,'Pembelian Tiket'),('2015-05-01 14:00:05',101016,210,394004,'Pembelian Tiket'),('2015-05-01 14:00:05',101029,410,394001,'Pembelian Tiket'),('2015-05-01 14:00:06',100007,11,394007,'Refund\r'),('2015-05-01 14:00:06',100027,611,394007,'Pembelian Tiket'),('2015-05-01 14:00:06',101006,811,394005,'Pembelian Tiket'),('2015-05-01 14:00:06',101016,211,394005,'Pembelian Tiket'),('2015-05-01 14:00:06',101028,411,394001,'Pembelian Tiket'),('2015-05-01 14:00:07',100008,12,394007,'Refund\r'),('2015-05-01 14:00:07',100027,612,394007,'Pembelian Tiket'),('2015-05-01 14:00:07',101007,812,394005,'Pembelian Tiket'),('2015-05-01 14:00:07',101016,212,394005,'Pembelian Tiket'),('2015-05-01 14:00:07',101027,412,394002,'Pembelian Tiket'),('2015-05-01 14:00:08',100009,13,394001,'Refund\r'),('2015-05-01 14:00:08',100026,613,394001,'Pembelian Tiket'),('2015-05-01 14:00:08',101008,813,394005,'Pembelian Tiket'),('2015-05-01 14:00:08',101016,213,394005,'Pembelian Tiket'),('2015-05-01 14:00:08',101027,413,394003,'Pembelian Tiket'),('2015-05-01 14:00:09',100010,14,394001,'Refund\r'),('2015-05-01 14:00:09',100025,614,394001,'Pembelian Tiket'),('2015-05-01 14:00:09',101009,814,394006,'Pembelian Tiket'),('2015-05-01 14:00:09',101017,214,394006,'Pembelian Tiket'),('2015-05-01 14:00:09',101027,414,394004,'Pembelian Tiket'),('2015-05-01 14:00:10',100011,15,394001,'Refund\r'),('2015-05-01 14:00:10',100024,615,394001,'Pembelian Tiket'),('2015-05-01 14:00:10',101010,815,394007,'Pembelian Tiket'),('2015-05-01 14:00:10',101017,215,394007,'Pembelian Tiket'),('2015-05-01 14:00:10',101027,415,394005,'Pembelian Tiket'),('2015-05-01 14:00:11',100012,16,394002,'Refund\r'),('2015-05-01 14:00:11',100023,616,394002,'Pembelian Tiket'),('2015-05-01 14:00:11',101011,816,394007,'Pembelian Tiket'),('2015-05-01 14:00:11',101017,216,394007,'Pembelian Tiket'),('2015-05-01 14:00:11',101027,416,394005,'Pembelian Tiket'),('2015-05-11 09:10:15',100049,718,394006,'Pembelian Tiket'),('2015-05-11 09:10:15',101001,118,394006,'Pembelian Tiket'),('2015-05-11 09:10:15',101003,518,394001,'Pembelian Tiket'),('2015-05-11 09:10:15',101040,318,394004,'Pembelian Tiket'),('2015-06-02 08:22:40',100012,631,394005,'Pembelian Tiket'),('2015-06-02 08:22:40',100019,31,394005,'Pembelian Tiket'),('2015-06-02 08:22:40',101013,831,394001,'Pembelian Tiket'),('2015-06-02 08:22:40',101018,431,394007,'Pembelian Tiket'),('2015-06-02 08:22:40',101025,231,394001,'Refund\r'),('2015-06-02 09:22:40',100012,632,394005,'Pembelian Tiket'),('2015-06-02 09:22:40',100020,32,394005,'Pembelian Tiket'),('2015-06-02 09:22:40',101013,832,394002,'Pembelian Tiket'),('2015-06-02 09:22:40',101018,432,394007,'Pembelian Tiket'),('2015-06-02 09:22:40',101026,232,394002,'Refund\r'),('2015-06-17 10:12:40',100012,633,394005,'Pembelian Tiket'),('2015-06-17 10:12:40',100021,33,394005,'Pembelian Tiket'),('2015-06-17 10:12:40',101013,833,394003,'Pembelian Tiket'),('2015-06-17 10:12:40',101017,433,394001,'Pembelian Tiket'),('2015-06-17 10:12:40',101027,233,394003,'Refund\r'),('2015-06-19 14:01:40',100012,634,394006,'Pembelian Tiket'),('2015-06-19 14:01:40',100022,34,394006,'Pembelian Tiket'),('2015-06-19 14:01:40',101013,834,394004,'Pembelian Tiket'),('2015-06-19 14:01:40',101017,434,394001,'Pembelian Tiket'),('2015-06-19 14:01:40',101027,234,394004,'Refund\r'),('2015-06-23 18:22:21',100012,635,394007,'Pembelian Tiket'),('2015-06-23 18:22:21',100023,35,394007,'Pembelian Tiket'),('2015-06-23 18:22:21',101013,835,394005,'Pembelian Tiket'),('2015-06-23 18:22:21',101017,435,394001,'Pembelian Tiket'),('2015-07-02 10:30:40',100011,636,394007,'Pembelian Tiket'),('2015-07-02 10:30:40',100024,36,394007,'Pembelian Tiket'),('2015-07-02 10:30:40',101013,836,394005,'Pembelian Tiket'),('2015-07-02 10:30:40',101017,436,394002,'Pembelian Tiket'),('2015-07-10 09:10:15',100050,719,394007,'Pembelian Tiket'),('2015-07-10 09:10:15',101001,119,394007,'Pembelian Tiket'),('2015-07-10 09:10:15',101003,519,394001,'Pembelian Tiket'),('2015-07-10 09:10:15',101040,319,394005,'Pembelian Tiket'),('2015-07-17 09:59:03',100070,741,394005,'Refund\r'),('2015-07-17 09:59:03',100083,541,394001,'Pembelian Tiket'),('2015-07-17 09:59:03',101004,141,394005,'Pembelian Tiket'),('2015-07-17 09:59:03',101036,941,394003,'Pembelian Tiket'),('2015-07-17 09:59:03',101040,341,394003,'Pembelian Tiket'),('2015-07-17 12:03:01',100071,742,394006,'Refund\r'),('2015-07-17 12:03:01',100082,542,394001,'Pembelian Tiket'),('2015-07-17 12:03:01',101004,142,394006,'Pembelian Tiket'),('2015-07-17 12:03:01',101037,942,394004,'Pembelian Tiket'),('2015-07-17 12:03:01',101040,342,394004,'Pembelian Tiket'),('2015-07-17 14:33:00',100072,743,394007,'Refund\r'),('2015-07-17 14:33:00',100081,543,394001,'Pembelian Tiket'),('2015-07-17 14:33:00',101005,143,394007,'Pembelian Tiket'),('2015-07-17 14:33:00',101038,943,394005,'Pembelian Tiket'),('2015-07-17 14:33:00',101040,343,394005,'Pembelian Tiket'),('2015-07-17 14:42:43',100073,744,394007,'Refund\r'),('2015-07-17 14:42:43',100080,544,394002,'Pembelian Tiket'),('2015-07-17 14:42:43',101005,144,394007,'Pembelian Tiket'),('2015-07-17 14:42:43',101039,944,394005,'Pembelian Tiket'),('2015-07-17 14:42:43',101040,344,394005,'Pembelian Tiket'),('2015-07-17 15:08:03',100074,745,394001,'Refund\r'),('2015-07-17 15:08:03',100079,545,394003,'Pembelian Tiket'),('2015-07-17 15:08:03',101005,145,394001,'Pembelian Tiket'),('2015-07-17 15:08:03',101039,945,394005,'Pembelian Tiket'),('2015-07-17 15:08:03',101040,345,394005,'Pembelian Tiket'),('2015-07-18 12:21:20',100075,746,394001,'Refund\r'),('2015-07-18 12:21:20',100078,546,394004,'Pembelian Tiket'),('2015-07-18 12:21:20',101005,146,394001,'Pembelian Tiket'),('2015-07-18 12:21:20',101039,946,394006,'Pembelian Tiket'),('2015-07-18 12:21:20',101040,346,394006,'Pembelian Tiket'),('2015-07-18 14:23:19',100077,548,394005,'Pembelian Tiket'),('2015-07-18 14:23:19',100077,748,394002,'Refund\r'),('2015-07-18 14:23:19',101005,148,394002,'Pembelian Tiket'),('2015-07-18 14:23:19',101039,948,394007,'Pembelian Tiket'),('2015-07-18 14:23:19',101040,348,394007,'Pembelian Tiket'),('2015-07-18 14:42:10',100076,747,394001,'Refund\r'),('2015-07-18 14:42:10',100077,547,394005,'Pembelian Tiket'),('2015-07-18 14:42:10',101005,147,394001,'Pembelian Tiket'),('2015-07-18 14:42:10',101039,947,394007,'Pembelian Tiket'),('2015-07-18 14:42:10',101040,347,394007,'Pembelian Tiket'),('2015-07-18 15:50:11',100077,549,394005,'Pembelian Tiket'),('2015-07-18 15:50:11',100077,749,394003,'Refund\r'),('2015-07-18 15:50:11',101005,149,394003,'Pembelian Tiket'),('2015-07-18 15:50:11',101039,349,394001,'Pembelian Tiket'),('2015-07-18 15:50:11',101039,949,394001,'Pembelian Tiket'),('2015-07-18 15:53:19',100077,550,394006,'Pembelian Tiket'),('2015-07-18 15:53:19',100077,750,394004,'Refund\r'),('2015-07-18 15:53:19',101005,150,394004,'Pembelian Tiket'),('2015-07-18 15:53:19',101039,350,394001,'Pembelian Tiket'),('2015-07-18 15:53:19',101039,950,394001,'Pembelian Tiket'),('2015-07-19 17:01:10',100077,551,394007,'Pembelian Tiket'),('2015-07-19 17:01:10',100077,751,394005,'Refund\r'),('2015-07-19 17:01:10',101005,151,394005,'Pembelian Tiket'),('2015-07-19 17:01:10',101039,351,394001,'Pembelian Tiket'),('2015-07-19 17:01:10',101039,951,394001,'Pembelian Tiket'),('2015-07-20 18:33:56',100077,552,394007,'Pembelian Tiket'),('2015-07-20 18:33:56',100077,752,394005,'Refund\r'),('2015-07-20 18:33:56',101006,152,394005,'Pembelian Tiket'),('2015-07-20 18:33:56',101039,352,394002,'Pembelian Tiket'),('2015-07-20 18:33:56',101039,952,394002,'Pembelian Tiket'),('2015-07-20 18:36:00',100077,553,394001,'Pembelian Tiket'),('2015-07-20 18:36:00',100077,753,394005,'Refund\r'),('2015-07-20 18:36:00',101006,153,394005,'Pembelian Tiket'),('2015-07-20 18:36:00',101039,353,394003,'Pembelian Tiket'),('2015-07-20 18:36:00',101040,953,394003,'Pembelian Tiket'),('2015-07-20 18:37:10',100076,554,394001,'Pembelian Tiket'),('2015-07-20 18:37:10',100077,754,394006,'Refund\r'),('2015-07-20 18:37:10',101006,154,394006,'Pembelian Tiket'),('2015-07-20 18:37:10',101039,354,394004,'Pembelian Tiket'),('2015-07-20 18:37:10',101040,954,394004,'Pembelian Tiket'),('2015-07-20 18:54:10',100075,555,394001,'Pembelian Tiket'),('2015-07-20 18:54:10',100078,755,394007,'Refund\r'),('2015-07-20 18:54:10',101039,355,394005,'Pembelian Tiket'),('2015-07-20 18:54:10',101040,955,394005,'Pembelian Tiket'),('2015-07-20 18:55:10',100074,556,394002,'Pembelian Tiket'),('2015-07-20 18:55:10',100079,756,394007,'Refund\r'),('2015-07-20 18:55:10',101039,356,394005,'Pembelian Tiket'),('2015-07-20 18:55:10',101040,956,394005,'Pembelian Tiket'),('2015-07-21 11:30:40',100010,637,394001,'Pembelian Tiket'),('2015-07-21 11:30:40',100025,37,394001,'Pembelian Tiket'),('2015-07-21 11:30:40',101013,837,394005,'Pembelian Tiket'),('2015-07-21 11:30:40',101017,437,394003,'Pembelian Tiket'),('2015-07-22 11:30:40',100009,638,394001,'Pembelian Tiket'),('2015-07-22 11:30:40',100026,38,394001,'Pembelian Tiket'),('2015-07-22 11:30:40',101013,838,394006,'Pembelian Tiket'),('2015-07-22 11:30:40',101016,438,394004,'Pembelian Tiket'),('2015-07-22 15:20:20',100012,17,394003,'Refund\r'),('2015-07-22 15:20:20',100022,617,394003,'Pembelian Tiket'),('2015-07-22 15:20:20',101012,817,394001,'Pembelian Tiket'),('2015-07-22 15:20:20',101017,217,394001,'Pembelian Tiket'),('2015-07-22 15:20:20',101027,417,394005,'Pembelian Tiket'),('2015-07-22 15:20:21',100012,18,394004,'Refund\r'),('2015-07-22 15:20:21',100021,618,394004,'Pembelian Tiket'),('2015-07-22 15:20:21',101013,818,394001,'Pembelian Tiket'),('2015-07-22 15:20:21',101017,218,394001,'Pembelian Tiket'),('2015-07-22 15:20:21',101027,418,394006,'Pembelian Tiket'),('2015-07-22 15:20:22',100012,19,394005,'Refund\r'),('2015-07-22 15:20:22',100020,619,394005,'Pembelian Tiket'),('2015-07-22 15:20:22',101013,819,394001,'Pembelian Tiket'),('2015-07-22 15:20:22',101018,219,394001,'Pembelian Tiket'),('2015-07-22 15:20:22',101026,419,394007,'Pembelian Tiket'),('2015-07-22 15:20:23',100012,20,394005,'Refund\r'),('2015-07-22 15:20:23',100019,620,394005,'Pembelian Tiket'),('2015-07-22 15:20:23',101013,820,394002,'Pembelian Tiket'),('2015-07-22 15:20:23',101018,220,394002,'Pembelian Tiket'),('2015-07-22 15:20:23',101025,420,394007,'Pembelian Tiket'),('2015-07-25 11:30:40',100008,639,394001,'Pembelian Tiket'),('2015-07-25 11:30:40',100027,39,394001,'Pembelian Tiket'),('2015-07-25 11:30:40',101013,839,394007,'Pembelian Tiket'),('2015-07-25 11:30:40',101016,439,394005,'Pembelian Tiket'),('2015-07-25 11:30:46',100007,640,394002,'Pembelian Tiket'),('2015-07-25 11:30:46',100027,40,394002,'Pembelian Tiket'),('2015-07-25 11:30:46',101013,840,394007,'Pembelian Tiket'),('2015-07-25 11:30:46',101016,440,394005,'Pembelian Tiket'),('2015-07-26 09:10:00',100006,641,394003,'Pembelian Tiket'),('2015-07-26 09:10:00',100027,41,394003,'Pembelian Tiket'),('2015-07-26 09:10:00',101014,841,394001,'Pembelian Tiket'),('2015-07-26 09:10:00',101016,441,394005,'Pembelian Tiket'),('2015-07-26 09:10:00',101029,241,394001,'Pembelian Tiket'),('2015-07-26 10:12:35',100005,642,394004,'Pembelian Tiket'),('2015-07-26 10:12:35',100028,42,394004,'Pembelian Tiket'),('2015-07-26 10:12:35',101015,842,394001,'Pembelian Tiket'),('2015-07-26 10:12:35',101016,442,394006,'Pembelian Tiket'),('2015-07-26 10:12:35',101029,242,394001,'Pembelian Tiket'),('2015-07-26 11:01:45',100004,643,394005,'Pembelian Tiket'),('2015-07-26 11:01:45',100029,43,394005,'Pembelian Tiket'),('2015-07-26 11:01:45',101015,843,394001,'Pembelian Tiket'),('2015-07-26 11:01:45',101016,443,394007,'Pembelian Tiket'),('2015-07-26 11:01:45',101029,243,394001,'Pembelian Tiket'),('2015-07-26 12:12:12',100003,644,394005,'Pembelian Tiket'),('2015-07-26 12:12:12',100030,44,394005,'Pembelian Tiket'),('2015-07-26 12:12:12',101015,844,394002,'Pembelian Tiket'),('2015-07-26 12:12:12',101016,444,394007,'Pembelian Tiket'),('2015-07-26 12:12:12',101029,244,394002,'Pembelian Tiket'),('2015-07-26 15:20:30',100002,645,394005,'Pembelian Tiket'),('2015-07-26 15:20:30',100031,45,394005,'Pembelian Tiket'),('2015-07-26 15:20:30',101015,845,394003,'Pembelian Tiket'),('2015-07-26 15:20:30',101016,445,394001,'Pembelian Tiket'),('2015-07-26 15:20:30',101029,245,394003,'Pembelian Tiket'),('2015-07-26 17:20:15',100002,646,394006,'Pembelian Tiket'),('2015-07-26 17:20:15',100032,46,394006,'Pembelian Tiket'),('2015-07-26 17:20:15',101015,446,394001,'Pembelian Tiket'),('2015-07-26 17:20:15',101015,846,394004,'Pembelian Tiket'),('2015-07-26 17:20:15',101030,246,394004,'Pembelian Tiket'),('2015-07-26 19:15:35',100001,647,394007,'Pembelian Tiket'),('2015-07-26 19:15:35',100033,47,394007,'Pembelian Tiket'),('2015-07-26 19:15:35',101015,447,394001,'Pembelian Tiket'),('2015-07-26 19:15:35',101015,847,394005,'Pembelian Tiket'),('2015-07-26 19:15:35',101030,247,394005,'Pembelian Tiket'),('2015-07-27 09:20:14',100001,648,394007,'Pembelian Tiket'),('2015-07-27 09:20:14',100034,48,394007,'Pembelian Tiket'),('2015-07-27 09:20:14',101015,448,394002,'Pembelian Tiket'),('2015-07-27 09:20:14',101015,848,394005,'Pembelian Tiket'),('2015-07-27 09:20:14',101030,248,394005,'Pembelian Tiket'),('2015-07-27 10:23:19',100001,649,394001,'Pembelian Tiket'),('2015-07-27 10:23:19',100035,49,394001,'Pembelian Tiket'),('2015-07-27 10:23:19',101015,449,394003,'Pembelian Tiket'),('2015-07-27 10:23:19',101015,849,394005,'Pembelian Tiket'),('2015-07-27 10:23:19',101030,249,394005,'Pembelian Tiket'),('2015-07-27 11:24:30',100001,650,394001,'Pembelian Tiket'),('2015-07-27 11:24:30',100036,50,394001,'Pembelian Tiket'),('2015-07-27 11:24:30',101015,450,394004,'Pembelian Tiket'),('2015-07-27 11:24:30',101015,850,394006,'Pembelian Tiket'),('2015-07-27 11:24:30',101030,250,394006,'Pembelian Tiket'),('2015-07-27 12:12:12',100001,651,394001,'Pembelian Tiket'),('2015-07-27 12:12:12',100037,51,394001,'Pembelian Tiket'),('2015-07-27 12:12:12',101015,451,394005,'Pembelian Tiket'),('2015-07-27 12:12:12',101015,851,394007,'Pembelian Tiket'),('2015-07-27 12:12:12',101030,251,394007,'Pembelian Tiket'),('2015-07-27 13:35:50',100001,652,394002,'Pembelian Tiket'),('2015-07-27 13:35:50',100038,52,394002,'Pembelian Tiket'),('2015-07-27 13:35:50',101015,452,394005,'Pembelian Tiket'),('2015-07-27 13:35:50',101015,852,394007,'Pembelian Tiket'),('2015-07-27 13:35:50',101030,252,394007,'Pembelian Tiket'),('2015-07-28 11:50:24',100001,653,394003,'Pembelian Tiket'),('2015-07-28 11:50:24',100039,53,394003,'Pembelian Tiket'),('2015-07-28 11:50:24',101015,453,394005,'Pembelian Tiket'),('2015-07-28 11:50:24',101015,853,394001,'Pembelian Tiket'),('2015-07-28 11:50:24',101030,253,394001,'Pembelian Tiket'),('2015-07-28 12:12:15',100001,654,394004,'Pembelian Tiket'),('2015-07-28 12:12:15',100040,54,394004,'Pembelian Tiket'),('2015-07-28 12:12:15',101015,454,394006,'Pembelian Tiket'),('2015-07-28 12:12:15',101015,854,394001,'Pembelian Tiket'),('2015-07-28 12:12:15',101030,254,394001,'Pembelian Tiket'),('2015-07-28 12:30:48',100002,655,394005,'Pembelian Tiket'),('2015-07-28 12:30:48',100041,55,394005,'Pembelian Tiket'),('2015-07-28 12:30:48',101015,455,394007,'Pembelian Tiket'),('2015-07-28 12:30:48',101015,855,394001,'Pembelian Tiket'),('2015-07-28 12:30:48',101030,255,394001,'Pembelian Tiket'),('2015-07-28 15:12:49',100002,656,394005,'Pembelian Tiket'),('2015-07-28 15:12:49',100042,56,394005,'Pembelian Tiket'),('2015-07-28 15:12:49',101015,456,394007,'Pembelian Tiket'),('2015-07-28 15:12:49',101016,856,394002,'Pembelian Tiket'),('2015-07-28 15:12:49',101030,256,394002,'Pembelian Tiket'),('2015-07-29 09:12:55',100003,657,394005,'Pembelian Tiket'),('2015-07-29 09:12:55',100042,57,394005,'Pembelian Tiket'),('2015-07-29 09:12:55',101015,457,394001,'Pembelian Tiket'),('2015-07-29 09:12:55',101016,857,394003,'Pembelian Tiket'),('2015-07-29 09:12:55',101030,257,394003,'Pembelian Tiket'),('2015-07-29 11:14:45',100004,658,394006,'Pembelian Tiket'),('2015-07-29 11:14:45',100042,58,394006,'Pembelian Tiket'),('2015-07-29 11:14:45',101015,458,394001,'Pembelian Tiket'),('2015-07-29 11:14:45',101016,858,394004,'Pembelian Tiket'),('2015-07-29 11:14:45',101030,258,394004,'Pembelian Tiket'),('2015-07-29 15:12:08',100005,659,394007,'Pembelian Tiket'),('2015-07-29 15:12:08',100042,59,394007,'Pembelian Tiket'),('2015-07-29 15:12:08',101015,459,394001,'Pembelian Tiket'),('2015-07-29 15:12:08',101016,859,394005,'Pembelian Tiket'),('2015-07-29 15:12:08',101030,259,394005,'Pembelian Tiket'),('2015-07-29 17:15:21',100006,660,394007,'Pembelian Tiket'),('2015-07-29 17:15:21',100042,60,394007,'Pembelian Tiket'),('2015-07-29 17:15:21',101014,460,394002,'Pembelian Tiket'),('2015-07-29 17:15:21',101016,860,394005,'Pembelian Tiket'),('2015-07-29 17:15:21',101031,260,394005,'Pembelian Tiket'),('2015-07-29 19:19:19',100008,662,394001,'Pembelian Tiket'),('2015-07-29 19:19:19',100043,62,394001,'Pembelian Tiket'),('2015-07-29 19:19:19',101013,462,394004,'Refund\r'),('2015-07-29 19:19:19',101016,862,394006,'Pembelian Tiket'),('2015-07-29 19:19:19',101033,262,394006,'Pembelian Tiket'),('2015-07-29 19:30:30',100007,661,394001,'Pembelian Tiket'),('2015-07-29 19:30:30',100042,61,394001,'Pembelian Tiket'),('2015-07-29 19:30:30',101013,461,394003,'Refund\r'),('2015-07-29 19:30:30',101016,861,394005,'Pembelian Tiket'),('2015-07-29 19:30:30',101032,261,394005,'Pembelian Tiket'),('2015-07-29 20:09:50',100009,663,394001,'Pembelian Tiket'),('2015-07-29 20:09:50',100044,63,394001,'Pembelian Tiket'),('2015-07-29 20:09:50',101013,463,394005,'Refund\r'),('2015-07-29 20:09:50',101016,863,394007,'Pembelian Tiket'),('2015-07-29 20:09:50',101034,263,394007,'Pembelian Tiket'),('2015-07-29 20:10:22',100010,664,394002,'Pembelian Tiket'),('2015-07-29 20:10:22',100045,64,394002,'Pembelian Tiket'),('2015-07-29 20:10:22',101013,464,394005,'Refund\r'),('2015-07-29 20:10:22',101017,864,394007,'Pembelian Tiket'),('2015-07-29 20:10:22',101034,264,394007,'Pembelian Tiket'),('2015-07-29 20:30:15',100011,665,394003,'Pembelian Tiket'),('2015-07-29 20:30:15',100046,65,394003,'Pembelian Tiket'),('2015-07-29 20:30:15',101013,465,394005,'Refund\r'),('2015-07-29 20:30:15',101017,865,394001,'Pembelian Tiket'),('2015-07-29 20:30:15',101034,265,394001,'Pembelian Tiket'),('2015-07-29 20:45:42',100012,666,394004,'Pembelian Tiket'),('2015-07-29 20:45:42',100047,66,394004,'Pembelian Tiket'),('2015-07-29 20:45:42',101013,466,394006,'Refund\r'),('2015-07-29 20:45:42',101017,866,394001,'Pembelian Tiket'),('2015-07-29 20:45:42',101034,266,394001,'Pembelian Tiket'),('2015-07-29 20:58:43',100012,667,394005,'Pembelian Tiket'),('2015-07-29 20:58:43',100048,67,394005,'Pembelian Tiket'),('2015-07-29 20:58:43',101013,467,394007,'Refund\r'),('2015-07-29 20:58:43',101017,867,394001,'Pembelian Tiket'),('2015-07-29 20:58:43',101034,267,394001,'Pembelian Tiket'),('2015-07-29 21:00:12',100012,668,394005,'Pembelian Tiket'),('2015-07-29 21:00:12',100049,68,394005,'Pembelian Tiket'),('2015-07-29 21:00:12',101013,468,394007,'Refund\r'),('2015-07-29 21:00:12',101017,868,394002,'Pembelian Tiket'),('2015-07-29 21:00:12',101034,268,394002,'Pembelian Tiket'),('2015-07-29 21:10:12',100012,670,394006,'Pembelian Tiket'),('2015-07-29 21:10:12',100051,70,394006,'Pembelian Tiket'),('2015-07-29 21:10:12',101013,470,394001,'Refund\r'),('2015-07-29 21:10:12',101018,870,394004,'Pembelian Tiket'),('2015-07-29 21:10:12',101034,270,394004,'Pembelian Tiket'),('2015-07-29 21:10:55',100012,669,394005,'Pembelian Tiket'),('2015-07-29 21:10:55',100050,69,394005,'Pembelian Tiket'),('2015-07-29 21:10:55',101013,469,394001,'Refund\r'),('2015-07-29 21:10:55',101018,869,394003,'Pembelian Tiket'),('2015-07-29 21:10:55',101034,269,394003,'Pembelian Tiket'),('2015-07-29 21:30:10',100013,671,394007,'Pembelian Tiket'),('2015-07-29 21:30:10',100052,71,394007,'Pembelian Tiket'),('2015-07-29 21:30:10',101013,471,394001,'Refund\r'),('2015-07-29 21:30:10',101018,871,394005,'Pembelian Tiket'),('2015-07-29 21:30:10',101034,271,394005,'Pembelian Tiket'),('2015-07-30 08:30:10',100013,672,394007,'Pembelian Tiket'),('2015-07-30 08:30:10',100053,72,394007,'Pembelian Tiket'),('2015-07-30 08:30:10',101013,472,394002,'Refund\r'),('2015-07-30 08:30:10',101018,872,394005,'Pembelian Tiket'),('2015-07-30 08:30:10',101034,272,394005,'Pembelian Tiket'),('2015-07-30 08:40:10',100013,673,394001,'Pembelian Tiket'),('2015-07-30 08:40:10',100054,73,394001,'Pembelian Tiket'),('2015-07-30 08:40:10',101013,473,394003,'Refund\r'),('2015-07-30 08:40:10',101019,873,394005,'Pembelian Tiket'),('2015-07-30 08:40:10',101034,273,394005,'Pembelian Tiket'),('2015-07-30 08:50:11',100013,674,394001,'Pembelian Tiket'),('2015-07-30 08:50:11',100055,74,394001,'Pembelian Tiket'),('2015-07-30 08:50:11',101013,474,394004,'Refund\r'),('2015-07-30 08:50:11',101035,274,394006,'Pembelian Tiket'),('2015-07-30 09:10:12',100013,675,394001,'Pembelian Tiket'),('2015-07-30 09:10:12',100056,75,394001,'Pembelian Tiket'),('2015-07-30 09:10:12',101013,475,394005,'Refund\r'),('2015-07-30 09:10:12',101035,275,394007,'Pembelian Tiket'),('2015-07-30 09:15:15',100014,676,394002,'Pembelian Tiket'),('2015-07-30 09:15:15',100057,76,394002,'Pembelian Tiket'),('2015-07-30 09:15:15',101013,476,394005,'Refund\r'),('2015-07-30 09:15:15',101035,276,394007,'Pembelian Tiket'),('2015-07-30 09:20:00',100015,677,394003,'Pembelian Tiket'),('2015-07-30 09:20:00',100058,77,394003,'Pembelian Tiket'),('2015-07-30 09:20:00',101013,477,394005,'Refund\r'),('2015-07-30 09:20:00',101035,277,394001,'Pembelian Tiket'),('2015-07-30 09:25:45',100016,678,394004,'Pembelian Tiket'),('2015-07-30 09:25:45',100059,78,394004,'Pembelian Tiket'),('2015-07-30 09:25:45',101013,478,394006,'Refund\r'),('2015-07-30 09:25:45',101035,278,394001,'Pembelian Tiket'),('2015-07-30 09:35:32',100017,679,394005,'Pembelian Tiket'),('2015-07-30 09:35:32',100060,79,394005,'Pembelian Tiket'),('2015-07-30 09:35:32',101013,479,394007,'Refund\r'),('2015-07-30 09:35:32',101035,279,394001,'Pembelian Tiket'),('2015-07-30 09:40:12',100018,680,394005,'Pembelian Tiket'),('2015-07-30 09:40:12',100061,80,394005,'Pembelian Tiket'),('2015-07-30 09:40:12',101013,480,394007,'Refund\r'),('2015-07-30 09:40:12',101024,880,394002,'Pembelian Tiket'),('2015-07-30 09:40:12',101035,280,394002,'Pembelian Tiket'),('2015-07-30 10:10:10',100019,681,394005,'Pembelian Tiket'),('2015-07-30 10:10:10',100062,81,394005,'Pembelian Tiket'),('2015-07-30 10:10:10',101013,481,394001,'Refund\r'),('2015-07-30 10:10:10',101025,881,394003,'Pembelian Tiket'),('2015-07-30 10:10:10',101036,281,394003,'Pembelian Tiket'),('2015-07-30 10:20:13',100020,682,394006,'Pembelian Tiket'),('2015-07-30 10:20:13',100063,82,394006,'Pembelian Tiket'),('2015-07-30 10:20:13',101013,482,394001,'Refund\r'),('2015-07-30 10:20:13',101026,882,394004,'Pembelian Tiket'),('2015-07-30 10:20:13',101036,282,394004,'Pembelian Tiket'),('2015-07-30 10:30:15',100021,683,394007,'Pembelian Tiket'),('2015-07-30 10:30:15',100063,83,394007,'Pembelian Tiket'),('2015-07-30 10:30:15',101013,483,394001,'Refund\r'),('2015-07-30 10:30:15',101027,883,394005,'Pembelian Tiket'),('2015-07-30 10:30:15',101036,283,394005,'Pembelian Tiket'),('2015-07-30 10:38:20',100022,684,394007,'Pembelian Tiket'),('2015-07-30 10:38:20',100063,84,394007,'Pembelian Tiket'),('2015-07-30 10:38:20',101012,484,394002,'Refund\r'),('2015-07-30 10:38:20',101027,884,394005,'Pembelian Tiket'),('2015-07-30 10:38:20',101036,284,394005,'Pembelian Tiket'),('2015-07-30 11:38:20',100023,685,394001,'Pembelian Tiket'),('2015-07-30 11:38:20',100063,85,394001,'Pembelian Tiket'),('2015-07-30 11:38:20',101011,485,394003,'Refund\r'),('2015-07-30 11:38:20',101027,885,394005,'Pembelian Tiket'),('2015-07-30 11:38:20',101036,285,394005,'Pembelian Tiket'),('2015-07-30 12:38:20',100024,686,394001,'Pembelian Tiket'),('2015-07-30 12:38:20',100063,86,394001,'Pembelian Tiket'),('2015-07-30 12:38:20',101010,486,394004,'Refund\r'),('2015-07-30 12:38:20',101027,886,394006,'Pembelian Tiket'),('2015-07-30 12:38:20',101036,286,394006,'Pembelian Tiket'),('2015-07-30 13:38:20',100025,687,394001,'Pembelian Tiket'),('2015-07-30 13:38:20',100063,87,394001,'Pembelian Tiket'),('2015-07-30 13:38:20',101009,487,394005,'Refund\r'),('2015-07-30 13:38:20',101027,887,394007,'Pembelian Tiket'),('2015-07-30 13:38:20',101036,287,394007,'Pembelian Tiket'),('2015-07-30 14:38:20',100026,688,394002,'Pembelian Tiket'),('2015-07-30 14:38:20',100067,88,394002,'Pembelian Tiket'),('2015-07-30 14:38:20',101008,488,394005,'Refund\r'),('2015-07-30 14:38:20',101027,888,394007,'Pembelian Tiket'),('2015-07-30 14:38:20',101036,288,394007,'Pembelian Tiket'),('2015-07-30 15:38:20',100027,689,394003,'Pembelian Tiket'),('2015-07-30 15:38:20',100068,89,394003,'Pembelian Tiket'),('2015-07-30 15:38:20',101007,489,394005,'Refund\r'),('2015-07-30 15:38:20',101027,889,394001,'Pembelian Tiket'),('2015-07-30 15:38:20',101036,289,394001,'Pembelian Tiket'),('2015-07-30 16:38:20',100027,690,394004,'Pembelian Tiket'),('2015-07-30 16:38:20',100069,90,394004,'Pembelian Tiket'),('2015-07-30 16:38:20',101006,490,394006,'Refund\r'),('2015-07-30 16:38:20',101028,890,394001,'Pembelian Tiket'),('2015-07-30 16:38:20',101036,290,394001,'Pembelian Tiket'),('2015-07-30 17:38:20',100027,691,394005,'Pembelian Tiket'),('2015-07-30 17:38:20',100070,91,394005,'Pembelian Tiket'),('2015-07-30 17:38:20',101006,491,394007,'Refund\r'),('2015-07-30 17:38:20',101029,891,394001,'Pembelian Tiket'),('2015-07-30 17:38:20',101036,291,394001,'Pembelian Tiket'),('2015-07-30 18:38:20',100028,692,394005,'Pembelian Tiket'),('2015-07-30 18:38:20',100071,92,394005,'Pembelian Tiket'),('2015-07-30 18:38:20',101006,492,394007,'Refund\r'),('2015-07-30 18:38:20',101029,892,394002,'Pembelian Tiket'),('2015-07-30 18:38:20',101037,292,394002,'Pembelian Tiket'),('2015-07-30 18:54:10',101006,155,394007,'Pembelian Tiket'),('2015-07-30 18:55:10',101006,156,394007,'Pembelian Tiket'),('2015-07-30 19:38:20',100029,693,394005,'Pembelian Tiket'),('2015-07-30 19:38:20',100072,93,394005,'Pembelian Tiket'),('2015-07-30 19:38:20',101006,493,394001,'Refund\r'),('2015-07-30 19:38:20',101029,893,394003,'Pembelian Tiket'),('2015-07-30 19:38:20',101038,293,394003,'Pembelian Tiket'),('2015-07-30 20:38:20',100030,694,394006,'Pembelian Tiket'),('2015-07-30 20:38:20',100073,94,394006,'Pembelian Tiket'),('2015-07-30 20:38:20',101006,494,394001,'Refund\r'),('2015-07-30 20:38:20',101039,294,394004,'Pembelian Tiket'),('2015-07-30 21:38:20',100031,695,394007,'Pembelian Tiket'),('2015-07-30 21:38:20',100074,95,394007,'Pembelian Tiket'),('2015-07-30 21:38:20',101006,495,394001,'Refund\r'),('2015-07-30 21:38:20',101039,295,394005,'Pembelian Tiket'),('2015-07-31 09:38:20',100032,696,394007,'Pembelian Tiket'),('2015-07-31 09:38:20',100075,96,394007,'Pembelian Tiket'),('2015-07-31 09:38:20',101006,496,394002,'Refund\r'),('2015-07-31 09:38:20',101039,296,394005,'Pembelian Tiket'),('2015-07-31 09:45:10',100033,697,394001,'Pembelian Tiket'),('2015-07-31 09:45:10',100076,97,394001,'Pembelian Tiket'),('2015-07-31 09:45:10',101006,497,394003,'Refund\r'),('2015-07-31 09:45:10',101039,297,394005,'Pembelian Tiket'),('2015-07-31 10:45:10',100034,698,394001,'Pembelian Tiket'),('2015-07-31 10:45:10',100077,98,394001,'Pembelian Tiket'),('2015-07-31 10:45:10',101006,498,394004,'Refund\r'),('2015-07-31 10:45:10',101039,298,394006,'Pembelian Tiket'),('2015-07-31 11:45:10',100035,699,394001,'Pembelian Tiket'),('2015-07-31 11:45:10',100077,99,394001,'Pembelian Tiket'),('2015-07-31 11:45:10',101006,499,394005,'Refund\r'),('2015-07-31 11:45:10',101039,299,394007,'Pembelian Tiket'),('2015-07-31 12:45:10',100036,700,394002,'Pembelian Tiket'),('2015-07-31 12:45:10',100077,100,394002,'Pembelian Tiket'),('2015-07-31 12:45:10',101005,500,394005,'Refund\r'),('2015-07-31 12:45:10',101030,900,394007,'Pembelian Tiket'),('2015-07-31 12:45:10',101039,300,394007,'Pembelian Tiket'),('2015-08-01 22:30:32',100051,720,394007,'Pembelian Tiket'),('2015-08-01 22:30:32',101001,120,394007,'Pembelian Tiket'),('2015-08-01 22:30:32',101003,520,394002,'Pembelian Tiket'),('2015-08-01 22:30:32',101034,920,394005,'Pembelian Tiket'),('2015-08-01 22:30:32',101040,320,394005,'Pembelian Tiket'),('2015-08-01 22:45:15',100052,721,394001,'Refund\r'),('2015-08-01 22:45:15',101002,121,394001,'Pembelian Tiket'),('2015-08-01 22:45:15',101003,521,394003,'Pembelian Tiket'),('2015-08-01 22:45:15',101034,921,394005,'Pembelian Tiket'),('2015-08-01 22:45:15',101041,321,394005,'Pembelian Tiket'),('2015-08-01 22:45:16',100053,722,394001,'Refund\r'),('2015-08-01 22:45:16',101002,122,394001,'Pembelian Tiket'),('2015-08-01 22:45:16',101003,522,394004,'Pembelian Tiket'),('2015-08-01 22:45:16',101034,922,394006,'Pembelian Tiket'),('2015-08-01 22:45:16',101041,322,394006,'Pembelian Tiket'),('2015-08-01 22:45:17',100054,723,394001,'Refund\r'),('2015-08-01 22:45:17',101002,123,394001,'Pembelian Tiket'),('2015-08-01 22:45:17',101003,523,394005,'Pembelian Tiket'),('2015-08-01 22:45:17',101034,923,394007,'Pembelian Tiket'),('2015-08-01 22:45:17',101041,323,394007,'Pembelian Tiket'),('2015-08-01 22:45:18',100055,724,394002,'Refund\r'),('2015-08-01 22:45:18',101002,124,394002,'Pembelian Tiket'),('2015-08-01 22:45:18',101002,524,394005,'Pembelian Tiket'),('2015-08-01 22:45:18',101035,924,394007,'Pembelian Tiket'),('2015-08-01 22:45:18',101041,324,394007,'Pembelian Tiket'),('2015-08-02 09:45:18',100056,725,394003,'Refund\r'),('2015-08-02 09:45:18',101002,125,394003,'Pembelian Tiket'),('2015-08-02 09:45:18',101002,525,394005,'Pembelian Tiket'),('2015-08-02 09:45:18',101035,925,394001,'Pembelian Tiket'),('2015-08-02 09:45:18',101041,325,394001,'Pembelian Tiket'),('2015-08-02 09:50:18',100057,726,394004,'Refund\r'),('2015-08-02 09:50:18',101002,126,394004,'Pembelian Tiket'),('2015-08-02 09:50:18',101002,526,394006,'Pembelian Tiket'),('2015-08-02 09:50:18',101035,926,394001,'Pembelian Tiket'),('2015-08-02 09:50:18',101041,326,394001,'Pembelian Tiket'),('2015-08-02 10:45:18',100058,727,394005,'Refund\r'),('2015-08-02 10:45:18',101002,127,394005,'Pembelian Tiket'),('2015-08-02 10:45:18',101002,527,394007,'Pembelian Tiket'),('2015-08-02 10:45:18',101035,927,394001,'Pembelian Tiket'),('2015-08-02 10:45:18',101041,327,394001,'Pembelian Tiket'),('2015-08-02 11:45:18',100059,728,394005,'Refund\r'),('2015-08-02 11:45:18',101002,528,394007,'Pembelian Tiket'),('2015-08-02 11:45:18',101003,128,394005,'Pembelian Tiket'),('2015-08-02 11:45:18',101035,928,394002,'Pembelian Tiket'),('2015-08-02 11:45:18',101041,328,394002,'Pembelian Tiket'),('2015-08-02 12:45:20',100060,729,394005,'Refund\r'),('2015-08-02 12:45:20',101002,529,394001,'Pembelian Tiket'),('2015-08-02 12:45:20',101003,129,394005,'Pembelian Tiket'),('2015-08-02 12:45:20',101035,929,394003,'Pembelian Tiket'),('2015-08-02 12:45:20',101041,329,394003,'Pembelian Tiket'),('2015-08-02 12:55:18',100061,730,394006,'Refund\r'),('2015-08-02 12:55:18',101002,530,394001,'Pembelian Tiket'),('2015-08-02 12:55:18',101003,130,394006,'Pembelian Tiket'),('2015-08-02 12:55:18',101035,930,394004,'Pembelian Tiket'),('2015-08-02 12:55:18',101041,330,394004,'Pembelian Tiket'),('2015-08-02 13:05:18',100062,731,394007,'Refund\r'),('2015-08-02 13:05:18',101001,531,394001,'Pembelian Tiket'),('2015-08-02 13:05:18',101003,131,394007,'Pembelian Tiket'),('2015-08-02 13:05:18',101036,931,394005,'Pembelian Tiket'),('2015-08-02 13:05:18',101040,331,394005,'Pembelian Tiket'),('2015-08-02 13:10:18',100063,732,394007,'Refund\r'),('2015-08-02 13:10:18',101001,532,394002,'Pembelian Tiket'),('2015-08-02 13:10:18',101003,132,394007,'Pembelian Tiket'),('2015-08-02 13:10:18',101036,932,394005,'Pembelian Tiket'),('2015-08-02 13:10:18',101040,332,394005,'Pembelian Tiket'),('2015-08-02 13:15:18',100063,733,394001,'Refund\r'),('2015-08-02 13:15:18',101001,533,394003,'Pembelian Tiket'),('2015-08-02 13:15:18',101003,133,394001,'Pembelian Tiket'),('2015-08-02 13:15:18',101036,933,394005,'Pembelian Tiket'),('2015-08-02 13:15:18',101040,333,394005,'Pembelian Tiket'),('2015-08-02 13:25:18',101001,534,394004,'Pembelian Tiket'),('2015-08-02 13:25:18',101003,134,394001,'Pembelian Tiket'),('2015-08-02 13:25:18',101036,934,394006,'Pembelian Tiket'),('2015-08-02 13:25:18',101040,334,394006,'Pembelian Tiket'),('2015-08-02 13:27:18',101001,535,394005,'Pembelian Tiket'),('2015-08-02 13:27:18',101003,135,394001,'Pembelian Tiket'),('2015-08-02 13:27:18',101036,935,394007,'Pembelian Tiket'),('2015-08-02 13:27:18',101040,335,394007,'Pembelian Tiket'),('2015-08-02 13:30:18',101001,536,394005,'Pembelian Tiket'),('2015-08-02 13:30:18',101003,136,394002,'Pembelian Tiket'),('2015-08-02 13:30:18',101036,936,394007,'Pembelian Tiket'),('2015-08-02 13:30:18',101040,336,394007,'Pembelian Tiket'),('2015-08-02 13:31:18',101001,537,394005,'Pembelian Tiket'),('2015-08-02 13:31:18',101003,137,394003,'Pembelian Tiket'),('2015-08-02 13:31:18',101036,937,394001,'Pembelian Tiket'),('2015-08-02 13:31:18',101040,337,394001,'Pembelian Tiket'),('2015-08-02 13:45:18',101001,538,394006,'Pembelian Tiket'),('2015-08-02 13:45:18',101003,138,394004,'Pembelian Tiket'),('2015-08-02 13:45:18',101036,938,394001,'Pembelian Tiket'),('2015-08-02 13:45:18',101040,338,394001,'Pembelian Tiket'),('2015-08-02 13:50:20',101001,539,394007,'Pembelian Tiket'),('2015-08-02 13:50:20',101004,139,394005,'Pembelian Tiket'),('2015-08-02 13:50:20',101036,939,394001,'Pembelian Tiket'),('2015-08-02 13:50:20',101040,339,394001,'Pembelian Tiket'),('2015-08-02 14:14:15',100069,740,394005,'Refund\r'),('2015-08-02 14:14:15',101001,540,394007,'Pembelian Tiket'),('2015-08-02 14:14:15',101004,140,394005,'Pembelian Tiket'),('2015-08-02 14:14:15',101036,940,394002,'Pembelian Tiket'),('2015-08-02 14:14:15',101040,340,394002,'Pembelian Tiket'),('2015-08-03 19:30:00',100073,557,394003,'Pembelian Tiket'),('2015-08-03 19:30:00',100080,757,394001,'Refund\r'),('2015-08-03 19:30:00',101006,157,394001,'Pembelian Tiket'),('2015-08-03 19:30:00',101039,357,394005,'Pembelian Tiket'),('2015-08-03 19:30:00',101040,957,394005,'Pembelian Tiket'),('2015-08-03 21:15:19',100071,559,394005,'Pembelian Tiket'),('2015-08-03 21:15:19',100082,759,394001,'Refund\r'),('2015-08-03 21:15:19',101006,159,394001,'Pembelian Tiket'),('2015-08-03 21:15:19',101037,359,394007,'Pembelian Tiket'),('2015-08-03 21:15:19',101040,959,394007,'Pembelian Tiket'),('2015-08-03 22:30:00',100070,560,394005,'Pembelian Tiket'),('2015-08-03 22:30:00',100072,558,394004,'Pembelian Tiket'),('2015-08-03 22:30:00',100081,758,394001,'Refund\r'),('2015-08-03 22:30:00',100083,760,394002,'Refund\r'),('2015-08-03 22:30:00',101006,158,394001,'Pembelian Tiket'),('2015-08-03 22:30:00',101006,160,394002,'Pembelian Tiket'),('2015-08-03 22:30:00',101036,360,394007,'Pembelian Tiket'),('2015-08-03 22:30:00',101038,358,394006,'Pembelian Tiket'),('2015-08-03 22:30:00',101040,958,394006,'Pembelian Tiket'),('2015-08-03 22:30:00',101040,960,394007,'Pembelian Tiket'),('2015-08-03 22:35:30',100069,561,394005,'Pembelian Tiket'),('2015-08-03 22:35:30',101001,761,394003,'Pembelian Tiket'),('2015-08-03 22:35:30',101006,161,394003,'Pembelian Tiket'),('2015-08-03 22:35:30',101036,361,394001,'Refund\r'),('2015-08-03 22:35:30',101040,961,394001,'Pembelian Tiket'),('2015-08-03 22:45:18',100068,562,394006,'Pembelian Tiket'),('2015-08-03 22:45:18',101001,762,394004,'Pembelian Tiket'),('2015-08-03 22:45:18',101007,162,394004,'Pembelian Tiket'),('2015-08-03 22:45:18',101036,362,394001,'Refund\r'),('2015-08-03 22:45:18',101040,962,394001,'Pembelian Tiket'),('2015-08-03 23:15:18',100067,563,394007,'Pembelian Tiket'),('2015-08-03 23:15:18',101001,763,394005,'Pembelian Tiket'),('2015-08-03 23:15:18',101008,163,394005,'Pembelian Tiket'),('2015-08-03 23:15:18',101036,363,394001,'Refund\r'),('2015-08-03 23:15:18',101040,963,394001,'Pembelian Tiket'),('2015-08-03 23:25:18',100063,564,394007,'Pembelian Tiket'),('2015-08-03 23:25:18',101001,764,394005,'Pembelian Tiket'),('2015-08-03 23:25:18',101009,164,394005,'Pembelian Tiket'),('2015-08-03 23:25:18',101036,364,394002,'Refund\r'),('2015-08-03 23:25:18',101040,964,394002,'Pembelian Tiket'),('2015-08-03 23:35:18',100063,565,394001,'Pembelian Tiket'),('2015-08-03 23:35:18',101001,765,394005,'Pembelian Tiket'),('2015-08-03 23:35:18',101010,165,394005,'Pembelian Tiket'),('2015-08-03 23:35:18',101036,365,394003,'Refund\r'),('2015-08-03 23:35:18',101040,965,394003,'Pembelian Tiket'),('2015-08-03 23:45:18',100063,566,394001,'Pembelian Tiket'),('2015-08-03 23:45:18',101001,766,394006,'Pembelian Tiket'),('2015-08-03 23:45:18',101011,166,394006,'Pembelian Tiket'),('2015-08-03 23:45:18',101036,366,394004,'Refund\r'),('2015-08-03 23:45:18',101040,966,394004,'Pembelian Tiket'),('2015-08-03 23:55:18',100063,567,394001,'Pembelian Tiket'),('2015-08-03 23:55:18',101001,767,394007,'Pembelian Tiket'),('2015-08-03 23:55:18',101012,167,394007,'Pembelian Tiket'),('2015-08-03 23:55:18',101036,367,394005,'Refund\r'),('2015-08-03 23:55:18',101040,967,394005,'Pembelian Tiket'),('2015-08-04 08:15:18',100063,568,394002,'Pembelian Tiket'),('2015-08-04 08:15:18',101001,768,394007,'Pembelian Tiket'),('2015-08-04 08:15:18',101013,168,394007,'Pembelian Tiket'),('2015-08-04 08:15:18',101036,368,394005,'Refund\r'),('2015-08-04 08:15:18',101040,968,394005,'Pembelian Tiket'),('2015-08-04 08:25:18',100063,569,394003,'Pembelian Tiket'),('2015-08-04 08:25:18',101001,769,394001,'Pembelian Tiket'),('2015-08-04 08:25:18',101013,169,394001,'Pembelian Tiket'),('2015-08-04 08:25:18',101036,369,394005,'Refund\r'),('2015-08-04 08:25:18',101040,969,394005,'Pembelian Tiket'),('2015-08-04 08:35:18',100062,570,394004,'Pembelian Tiket'),('2015-08-04 08:35:18',101001,770,394001,'Pembelian Tiket'),('2015-08-04 08:35:18',101013,170,394001,'Pembelian Tiket'),('2015-08-04 08:35:18',101036,370,394006,'Refund\r'),('2015-08-04 08:35:18',101040,970,394006,'Pembelian Tiket'),('2015-08-04 08:45:18',100061,571,394005,'Pembelian Tiket'),('2015-08-04 08:45:18',101002,771,394001,'Pembelian Tiket'),('2015-08-04 08:45:18',101013,171,394001,'Pembelian Tiket'),('2015-08-04 08:45:18',101035,371,394007,'Refund\r'),('2015-08-04 08:45:18',101041,971,394007,'Pembelian Tiket'),('2015-08-04 08:55:18',100060,572,394005,'Pembelian Tiket'),('2015-08-04 08:55:18',101002,772,394002,'Pembelian Tiket'),('2015-08-04 08:55:18',101013,172,394002,'Pembelian Tiket'),('2015-08-04 08:55:18',101035,372,394007,'Refund\r'),('2015-08-04 08:55:18',101041,972,394007,'Pembelian Tiket'),('2015-08-04 09:13:45',100059,573,394005,'Pembelian Tiket'),('2015-08-04 09:13:45',101002,773,394003,'Pembelian Tiket'),('2015-08-04 09:13:45',101013,173,394003,'Pembelian Tiket'),('2015-08-04 09:13:45',101035,373,394001,'Refund\r'),('2015-08-04 09:13:45',101041,973,394001,'Pembelian Tiket'),('2015-08-04 09:23:45',100058,574,394006,'Pembelian Tiket'),('2015-08-04 09:23:45',101002,774,394004,'Pembelian Tiket'),('2015-08-04 09:23:45',101013,174,394004,'Pembelian Tiket'),('2015-08-04 09:23:45',101035,374,394001,'Refund\r'),('2015-08-04 09:23:45',101041,974,394001,'Pembelian Tiket'),('2015-08-04 09:33:45',100057,575,394007,'Pembelian Tiket'),('2015-08-04 09:33:45',101002,775,394005,'Pembelian Tiket'),('2015-08-04 09:33:45',101013,175,394005,'Pembelian Tiket'),('2015-08-04 09:33:45',101035,375,394001,'Refund\r'),('2015-08-04 09:33:45',101041,975,394001,'Pembelian Tiket'),('2015-08-04 09:43:45',100001,976,394002,'Pembelian Tiket'),('2015-08-04 09:43:45',100056,576,394007,'Pembelian Tiket'),('2015-08-04 09:43:45',101002,776,394005,'Pembelian Tiket'),('2015-08-04 09:43:45',101013,176,394005,'Pembelian Tiket'),('2015-08-04 09:43:45',101035,376,394002,'Refund\r'),('2015-08-04 09:53:45',100002,977,394003,'Pembelian Tiket'),('2015-08-04 09:53:45',100055,577,394001,'Pembelian Tiket'),('2015-08-04 09:53:45',101002,777,394005,'Pembelian Tiket'),('2015-08-04 09:53:45',101013,177,394005,'Pembelian Tiket'),('2015-08-04 09:53:45',101035,377,394003,'Refund\r'),('2015-08-04 10:17:43',100003,978,394004,'Pembelian Tiket'),('2015-08-04 10:17:43',100054,578,394001,'Pembelian Tiket'),('2015-08-04 10:17:43',101003,778,394006,'Pembelian Tiket'),('2015-08-04 10:17:43',101013,178,394006,'Pembelian Tiket'),('2015-08-04 10:17:43',101034,378,394004,'Refund\r'),('2015-08-04 10:27:43',100004,979,394005,'Pembelian Tiket'),('2015-08-04 10:27:43',100053,579,394001,'Pembelian Tiket'),('2015-08-04 10:27:43',101003,779,394007,'Pembelian Tiket'),('2015-08-04 10:27:43',101013,179,394007,'Pembelian Tiket'),('2015-08-04 10:27:43',101034,379,394005,'Refund\r'),('2015-08-04 10:35:18',100005,980,394005,'Pembelian Tiket'),('2015-08-04 10:35:18',100052,580,394002,'Pembelian Tiket'),('2015-08-04 10:35:18',101003,780,394007,'Pembelian Tiket'),('2015-08-04 10:35:18',101013,180,394007,'Pembelian Tiket'),('2015-08-04 10:35:18',101034,380,394005,'Refund\r'),('2015-08-04 11:25:47',100006,981,394005,'Pembelian Tiket'),('2015-08-04 11:25:47',100051,581,394003,'Pembelian Tiket'),('2015-08-04 11:25:47',101003,781,394001,'Pembelian Tiket'),('2015-08-04 11:25:47',101013,181,394001,'Pembelian Tiket'),('2015-08-04 11:25:47',101034,381,394005,'Pembelian Tiket'),('2015-08-04 12:25:47',100007,982,394006,'Pembelian Tiket'),('2015-08-04 12:25:47',100050,582,394004,'Pembelian Tiket'),('2015-08-04 12:25:47',101003,782,394001,'Pembelian Tiket'),('2015-08-04 12:25:47',101013,182,394001,'Pembelian Tiket'),('2015-08-04 12:25:47',101034,382,394006,'Pembelian Tiket'),('2015-08-04 13:25:47',100008,983,394007,'Pembelian Tiket'),('2015-08-04 13:25:47',100049,583,394005,'Pembelian Tiket'),('2015-08-04 13:25:47',101003,783,394001,'Pembelian Tiket'),('2015-08-04 13:25:47',101013,183,394001,'Pembelian Tiket'),('2015-08-04 13:25:47',101034,383,394007,'Pembelian Tiket'),('2015-08-04 14:25:47',100009,984,394007,'Pembelian Tiket'),('2015-08-04 14:25:47',100048,584,394005,'Pembelian Tiket'),('2015-08-04 14:25:47',101003,784,394002,'Pembelian Tiket'),('2015-08-04 14:25:47',101013,184,394002,'Pembelian Tiket'),('2015-08-04 14:25:47',101034,384,394007,'Pembelian Tiket'),('2015-08-04 14:35:47',100010,985,394001,'Pembelian Tiket'),('2015-08-04 14:35:47',100047,585,394005,'Pembelian Tiket'),('2015-08-04 14:35:47',101003,785,394003,'Pembelian Tiket'),('2015-08-04 14:35:47',101013,185,394003,'Pembelian Tiket'),('2015-08-04 14:35:47',101034,385,394001,'Pembelian Tiket'),('2015-08-04 14:45:47',100011,986,394001,'Pembelian Tiket'),('2015-08-04 14:45:47',100046,586,394006,'Pembelian Tiket'),('2015-08-04 14:45:47',101003,786,394004,'Pembelian Tiket'),('2015-08-04 14:45:47',101013,186,394004,'Pembelian Tiket'),('2015-08-04 14:45:47',101034,386,394001,'Pembelian Tiket'),('2015-08-04 14:55:47',100012,987,394001,'Pembelian Tiket'),('2015-08-04 14:55:47',100038,1013,394003,'Pembelian Tiket'),('2015-08-04 14:55:47',100045,587,394007,'Pembelian Tiket'),('2015-08-04 14:55:47',101003,787,394005,'Pembelian Tiket'),('2015-08-04 14:55:47',101013,187,394005,'Pembelian Tiket'),('2015-08-04 14:55:47',101034,387,394001,'Pembelian Tiket'),('2015-08-04 15:05:40',100013,988,394002,'Pembelian Tiket'),('2015-08-04 15:05:40',100039,1014,394004,'Pembelian Tiket'),('2015-08-04 15:05:40',100044,588,394007,'Pembelian Tiket'),('2015-08-04 15:05:40',101003,788,394005,'Pembelian Tiket'),('2015-08-04 15:05:40',101013,188,394005,'Pembelian Tiket'),('2015-08-04 15:05:40',101034,388,394002,'Pembelian Tiket'),('2015-08-04 15:15:40',100014,989,394003,'Pembelian Tiket'),('2015-08-04 15:15:40',100043,589,394001,'Pembelian Tiket'),('2015-08-04 15:15:40',101004,789,394005,'Pembelian Tiket'),('2015-08-04 15:15:40',101013,189,394005,'Pembelian Tiket'),('2015-08-04 15:15:40',101033,389,394003,'Pembelian Tiket'),('2015-08-04 15:20:40',100015,990,394004,'Pembelian Tiket'),('2015-08-04 15:20:40',100042,590,394001,'Pembelian Tiket'),('2015-08-04 15:20:40',101004,790,394006,'Pembelian Tiket'),('2015-08-04 15:20:40',101013,190,394006,'Pembelian Tiket'),('2015-08-04 15:20:40',101032,390,394004,'Pembelian Tiket'),('2015-08-04 15:25:40',100016,991,394005,'Pembelian Tiket'),('2015-08-04 15:25:40',100042,591,394001,'Pembelian Tiket'),('2015-08-04 15:25:40',101004,791,394007,'Pembelian Tiket'),('2015-08-04 15:25:40',101014,191,394007,'Pembelian Tiket'),('2015-08-04 15:25:40',101031,391,394005,'Pembelian Tiket'),('2015-08-04 15:30:40',100017,992,394005,'Pembelian Tiket'),('2015-08-04 15:30:40',100042,592,394002,'Pembelian Tiket'),('2015-08-04 15:30:40',101004,792,394007,'Pembelian Tiket'),('2015-08-04 15:30:40',101015,192,394007,'Pembelian Tiket'),('2015-08-04 15:30:40',101030,392,394005,'Pembelian Tiket'),('2015-08-04 15:40:40',100018,993,394005,'Pembelian Tiket'),('2015-08-04 15:40:40',100042,593,394003,'Pembelian Tiket'),('2015-08-04 15:40:40',101005,793,394001,'Pembelian Tiket'),('2015-08-04 15:40:40',101015,193,394001,'Pembelian Tiket'),('2015-08-04 15:40:40',101030,393,394005,'Pembelian Tiket'),('2015-08-04 15:50:40',100019,994,394006,'Pembelian Tiket'),('2015-08-04 15:50:40',100042,594,394004,'Pembelian Tiket'),('2015-08-04 15:50:40',101005,794,394001,'Pembelian Tiket'),('2015-08-04 15:50:40',101015,194,394001,'Pembelian Tiket'),('2015-08-04 15:50:40',101030,394,394006,'Pembelian Tiket'),('2015-08-04 16:20:27',100020,995,394007,'Pembelian Tiket'),('2015-08-04 16:20:27',100042,595,394005,'Pembelian Tiket'),('2015-08-04 16:20:27',101005,795,394001,'Pembelian Tiket'),('2015-08-04 16:20:27',101015,195,394001,'Pembelian Tiket'),('2015-08-04 16:20:27',101030,395,394007,'Pembelian Tiket'),('2015-08-04 17:20:27',100021,996,394007,'Pembelian Tiket'),('2015-08-04 17:20:27',100041,596,394005,'Pembelian Tiket'),('2015-08-04 17:20:27',101005,796,394002,'Pembelian Tiket'),('2015-08-04 17:20:27',101015,196,394002,'Pembelian Tiket'),('2015-08-04 17:20:27',101030,396,394007,'Pembelian Tiket'),('2015-08-04 18:20:27',100022,997,394001,'Pembelian Tiket'),('2015-08-04 18:20:27',100040,597,394005,'Pembelian Tiket'),('2015-08-04 18:20:27',101005,797,394003,'Pembelian Tiket'),('2015-08-04 18:20:27',101015,197,394003,'Pembelian Tiket'),('2015-08-04 18:20:27',101030,397,394001,'Pembelian Tiket'),('2015-08-04 19:20:27',100023,998,394001,'Pembelian Tiket'),('2015-08-04 19:20:27',100039,598,394006,'Pembelian Tiket'),('2015-08-04 19:20:27',101005,798,394004,'Pembelian Tiket'),('2015-08-04 19:20:27',101015,198,394004,'Pembelian Tiket'),('2015-08-04 19:20:27',101030,398,394001,'Pembelian Tiket'),('2015-08-04 20:20:27',100024,999,394001,'Pembelian Tiket'),('2015-08-04 20:20:27',100038,599,394007,'Pembelian Tiket'),('2015-08-04 20:20:27',101005,799,394005,'Pembelian Tiket'),('2015-08-04 20:20:27',101015,199,394005,'Pembelian Tiket'),('2015-08-04 20:20:27',101030,399,394001,'Pembelian Tiket'),('2015-08-04 22:07:15',100025,1000,394002,'Pembelian Tiket'),('2015-08-04 22:07:15',100037,600,394007,'Pembelian Tiket'),('2015-08-04 22:07:15',101005,800,394005,'Pembelian Tiket'),('2015-08-04 22:07:15',101015,200,394005,'Pembelian Tiket'),('2015-08-04 22:07:15',101030,400,394002,'Pembelian Tiket'),('2015-08-13 18:22:21',101027,235,394005,'Refund\r'),('2015-08-14 10:30:40',101027,236,394005,'Refund\r'),('2015-08-15 11:10:40',101027,237,394005,'Refund\r'),('2015-08-15 11:30:40',101027,238,394006,'Refund\r'),('2015-08-16 11:30:40',101027,239,394007,'Refund\r'),('2015-08-16 11:30:46',101028,240,394007,'Refund\r'),('2015-10-10 13:25:18',100063,734,394001,'Refund\r'),('2015-10-10 15:15:40',100040,1015,394005,'Pembelian Tiket'),('2015-10-11 13:27:18',100063,735,394001,'Refund\r'),('2015-10-12 13:30:18',100063,736,394002,'Refund\r'),('2015-10-13 13:31:18',100063,737,394003,'Refund\r'),('2015-10-14 13:45:18',100067,738,394004,'Refund\r'),('2015-10-15 13:50:20',100068,739,394005,'Refund\r'),('2015-10-18 15:20:40',100041,1016,394005,'Pembelian Tiket'),('2015-10-19 15:25:40',100042,1017,394005,'Pembelian Tiket'),('2015-10-20 15:30:40',100043,1018,394006,'Pembelian Tiket'),('2015-10-23 15:40:40',100044,1019,394007,'Pembelian Tiket'),('2015-10-24 15:50:40',100045,1020,394007,'Pembelian Tiket'),('2015-11-09 08:50:11',101019,874,394006,'Pembelian Tiket'),('2015-11-09 09:10:12',101019,875,394007,'Pembelian Tiket'),('2015-11-09 09:15:15',101020,876,394007,'Pembelian Tiket'),('2015-11-09 09:20:00',101021,877,394001,'Pembelian Tiket'),('2015-11-10 09:25:45',101022,878,394001,'Pembelian Tiket'),('2015-11-10 09:35:32',101023,879,394001,'Pembelian Tiket'),('2015-11-13 20:38:20',101029,894,394004,'Pembelian Tiket'),('2015-11-14 21:38:20',101029,895,394005,'Pembelian Tiket'),('2015-11-15 09:38:20',101030,896,394005,'Pembelian Tiket'),('2015-11-16 09:45:10',101030,897,394005,'Pembelian Tiket'),('2015-11-19 10:45:10',101030,898,394006,'Pembelian Tiket'),('2015-11-20 11:45:10',101030,899,394007,'Pembelian Tiket'),('2015-11-22 09:50:15',101034,914,394001,'Pembelian Tiket'),('2015-11-23 09:55:15',101034,915,394001,'Pembelian Tiket'),('2015-11-24 10:10:15',101034,916,394002,'Pembelian Tiket'),('2015-11-24 14:10:15',101034,917,394003,'Pembelian Tiket'),('2015-11-25 09:10:15',101034,918,394004,'Pembelian Tiket'),('2015-11-26 09:10:15',101034,919,394005,'Pembelian Tiket'),('2015-12-04 11:25:47',100032,1007,394007,'Pembelian Tiket'),('2015-12-05 12:25:47',100033,1008,394007,'Pembelian Tiket'),('2015-12-05 13:25:47',100034,1009,394001,'Pembelian Tiket'),('2015-12-05 14:25:47',100035,1010,394001,'Pembelian Tiket'),('2015-12-05 14:35:47',100036,1011,394001,'Pembelian Tiket'),('2015-12-06 14:45:47',100037,1012,394002,'Pembelian Tiket'),('2015-12-25 09:33:45',100026,1001,394003,'Pembelian Tiket'),('2015-12-25 09:43:45',100027,1002,394004,'Pembelian Tiket'),('2015-12-26 09:53:45',100028,1003,394005,'Pembelian Tiket'),('2015-12-27 10:17:43',100029,1004,394005,'Pembelian Tiket'),('2015-12-28 10:27:43',100030,1005,394005,'Pembelian Tiket'),('2015-12-29 10:35:18',100031,1006,394006,'Pembelian Tiket');
/*!40000 ALTER TABLE `transaksi` ENABLE KEYS */;
UNLOCK TABLES;

--
-- Table structure for table `wna`
--

DROP TABLE IF EXISTS `wna`;
/*!40101 SET @saved_cs_client     = @@character_set_client */;
/*!40101 SET character_set_client = utf8 */;
CREATE TABLE `wna` (
  `NoIdentitas` int(11) NOT NULL,
  `Kewarganegaraan` char(10) NOT NULL,
  PRIMARY KEY (`NoIdentitas`),
  CONSTRAINT `wna_ibfk_1` FOREIGN KEY (`NoIdentitas`) REFERENCES `penumpang` (`NoIdentitas`)
) ENGINE=InnoDB DEFAULT CHARSET=latin1;
/*!40101 SET character_set_client = @saved_cs_client */;

--
-- Dumping data for table `wna`
--

LOCK TABLES `wna` WRITE;
/*!40000 ALTER TABLE `wna` DISABLE KEYS */;
INSERT INTO `wna` VALUES (200051,'INGGRIS'),(200052,'AMERIKA'),(200053,'JEPANG'),(200054,'CINA'),(200055,'AUSTRALIA'),(200056,'SINGAPURA'),(200057,'SINGAPURA'),(200058,'INGGRIS'),(200059,'INGGRIS'),(200060,'KOREA'),(200061,'KOREA'),(200062,'KOREA'),(200063,'JEPANG'),(200064,'JEPANG'),(200065,'AMERIKA'),(200066,'INGGRIS'),(200067,'AMERIKA'),(200068,'INGGRIS'),(200069,'AMERIKA'),(200070,'INGGRIS'),(200071,'AMERIKA'),(200072,'INGGRIS'),(200073,'AMERIKA'),(200074,'INGGRIS'),(200075,'AMERIKA'),(200076,'INGGRIS'),(200077,'AUSTRALIA'),(200078,'AMERIKA'),(200079,'AMERIKA'),(200080,'INGGRIS'),(200081,'AMERIKA'),(200082,'JEPANG'),(200083,'JEPANG'),(200084,'INGGRIS'),(200085,'AMERIKA'),(200086,'INGGRIS'),(200087,'KOREA'),(200088,'INGGRIS'),(200089,'AUSTRALIA'),(200090,'AMERIKA'),(200091,'AMERIKA'),(200092,'INGGRIS'),(200093,'AMERIKA'),(200094,'INGGRIS'),(200095,'AMERIKA'),(200096,'INGGRIS'),(200097,'AMERIKA'),(200098,'INGGRIS'),(200099,'AMERIKA'),(200100,'INGGRIS');
/*!40000 ALTER TABLE `wna` ENABLE KEYS */;
UNLOCK TABLES;

--
-- Table structure for table `wni`
--

DROP TABLE IF EXISTS `wni`;
/*!40101 SET @saved_cs_client     = @@character_set_client */;
/*!40101 SET character_set_client = utf8 */;
CREATE TABLE `wni` (
  `NoIdentitas` int(11) NOT NULL,
  `alamat` char(50) NOT NULL,
  PRIMARY KEY (`NoIdentitas`),
  CONSTRAINT `wni_ibfk_1` FOREIGN KEY (`NoIdentitas`) REFERENCES `penumpang` (`NoIdentitas`)
) ENGINE=InnoDB DEFAULT CHARSET=latin1;
/*!40101 SET character_set_client = @saved_cs_client */;

--
-- Dumping data for table `wni`
--

LOCK TABLES `wni` WRITE;
/*!40000 ALTER TABLE `wni` DISABLE KEYS */;
INSERT INTO `wni` VALUES (100001,'Jl. Kandangan no.23 Jakarta Timur'),(100002,'Jl. Raya Balongpanggang no.43 Riau'),(100003,'Jl. Semampir Baru 45'),(100004,'Jl. Surapati no.23 Bandung Barat'),(100005,'Jl. Tambak Beras Cerme no.22'),(100006,'Jl. Mando 23 Balikpapan'),(100007,'Jl. Karang Wungu 17 Gresik'),(100008,'Jl. Pulo Rejo no.12'),(100009,'Jl. Balong Mojo Kidul Benjeng no.36'),(100010,'Jl. Babatan Balong Panggang no.45'),(100011,'Jl. Benjeng Sirnoboyo no.113'),(100012,'Jl. Ikan porong no.65'),(100013,'Jl. Lepit II no.299'),(100014,'Jl. Balong Mojo no.190'),(100015,'Jl. Kartini no.34'),(100016,'Jl. Kejambon Timur no.567'),(100017,'Jl. Betiting Barat no.96'),(100018,'Jl. Pandu Atas II no.36'),(100019,'Jl. Klampok Benjeng no.10'),(100020,'Jl. Tegal Suruh Kidul no.90'),(100021,'Jl. Perum Indah Blok A1/47'),(100022,'Jl. Mangga Blok 2B/17'),(100023,'Jl. Kedung Sekar no.67'),(100024,'Jl. Sekarwangi Blok Melati no.67'),(100025,'Jl. Klotok Balong Panggang no.89'),(100026,'Jl. Lundo Blok Sipatu no.89'),(100027,'Jl. Cagak Agung no.99'),(100028,'Jl. Beber Kalong no.67'),(100029,'Jl. Raya Tengah Tani no.56'),(100030,'Jl. HOS Cokroaminoto no.84'),(100031,'Jl. Ngabetan Blok Mawar no.48'),(100032,'Jl. Munggu Gianti no.20'),(100033,'Jl. Raya Ploso Kalipadang Benjeng no.13'),(100034,'Jl. Gowah Blok Kedung Sumber no.29'),(100035,'Jl. Hendrosari no.55'),(100036,'Jl. Prambon Blok Tambang Baru no.68'),(100037,'Jl. Jogodalu Timur no.22'),(100038,'Jl. Tenggor Balong Panggang no.69'),(100039,'Jl. Kemendung Raya Blok Sejati no.80'),(100040,'Jl. Pucung no.11A'),(100041,'Jl. Medeo Kedamean Blok A1 no.6'),(100042,'Jl. Kejambon Blok 2C/11'),(100043,'Jl. Gempol no.63'),(100044,'Jl. Tambak Ikan no.55'),(100045,'Jl. Pundut Trate Blok Mekar no.3'),(100046,'Jl. Raya Cerme Kidul no.138'),(100047,'Jl. Cagak Agung Blok 2B/80'),(100048,'Jl. Ciremai Indah Blok B3 no.97'),(100049,'Jl. Tuparev Blok no.23'),(100050,'Jl. Ahmad Yani Blok Bahagia no.44');
/*!40000 ALTER TABLE `wni` ENABLE KEYS */;
UNLOCK TABLES;
/*!40103 SET TIME_ZONE=@OLD_TIME_ZONE */;

/*!40101 SET SQL_MODE=@OLD_SQL_MODE */;
/*!40014 SET FOREIGN_KEY_CHECKS=@OLD_FOREIGN_KEY_CHECKS */;
/*!40014 SET UNIQUE_CHECKS=@OLD_UNIQUE_CHECKS */;
/*!40101 SET CHARACTER_SET_CLIENT=@OLD_CHARACTER_SET_CLIENT */;
/*!40101 SET CHARACTER_SET_RESULTS=@OLD_CHARACTER_SET_RESULTS */;
/*!40101 SET COLLATION_CONNECTION=@OLD_COLLATION_CONNECTION */;
/*!40111 SET SQL_NOTES=@OLD_SQL_NOTES */;

-- Dump completed on 2015-11-13 22:23:04
